state_code,district_code,biometric_match,actual,predicted
42,118,-0.2591789682738488,-0.28220047130998627,-0.2591789682738488
42,118,-0.27770776013064513,-0.267509517349697,-0.27770776013064513
42,118,-0.2787216292852265,-0.29170270536089676,-0.2787216292852265
42,118,-0.2775030915880554,-0.28220047130998627,-0.2775030915880554
42,118,-0.28978492063330813,-0.29407826387362435,-0.28978492063330813
42,118,-0.27927278256358185,-0.27844958944778475,-0.27927278256358185
42,118,-0.2739111120137186,-0.28807685289410195,-0.2739111120137186
42,118,-0.27618162341586966,-0.27394853121314294,-0.27618162341586966
42,118,-0.27589341169690473,-0.2714479433050086,-0.27589341169690473
42,118,-0.26812324505116175,-0.27382350181773624,-0.26812324505116175
42,118,0.09264045792269031,0.11526797668796683,0.09264045792269031
42,118,-0.0019923124169170803,0.0,-0.0019923124169170803
42,326,-0.28591671495823673,-0.29620376359553857,-0.28591671495823673
42,326,-0.28636287785411274,-0.2973915428519024,-0.28636287785411274
42,326,-0.28821993234862747,-0.2991419543875964,-0.28821993234862747
42,326,-0.28332434029759196,-0.30120493941180726,-0.28332434029759196
42,326,-0.29006740291993943,-0.2971414840610889,-0.29006740291993943
42,326,-0.29770708666775225,-0.3042681595992718,-0.29770708666775225
42,326,-0.28853738795143896,-0.298016689828936,-0.28853738795143896
42,326,-0.29657238107741957,-0.30089236592329044,-0.29657238107741957
42,326,-0.28461708132856833,-0.2988293808990796,-0.28461708132856833
42,326,-0.29062760539668886,-0.2981417192243427,-0.29062760539668886
42,326,-0.2877672672463195,-0.2959537048047251,-0.2877672672463195
42,326,-0.1742264956209201,-0.1719870592589653,-0.1742264956209201
42,326,0.006232356770272106,0.0,0.006232356770272106
42,354,-0.06249403111175024,0.016057151432736953,-0.06249403111175024
42,354,-0.07005646973498185,-0.10790949411302288,-0.07005646973498185
42,354,-0.04470041481640931,0.022621194691589592,-0.04470041481640931
42,354,-0.05636931946454972,-0.16517295720929923,-0.05636931946454972
42,354,-0.08521387268563037,-0.0715884547473716,-0.08521387268563037
42,354,-0.14201021186715407,-0.19417977694365754,-0.14201021186715407
42,354,-0.07637862845520162,-0.028328283936647554,-0.07637862845520162
42,354,-0.012954601640013193,-0.07696471874986044,-0.012954601640013193
42,354,-0.022559564615353106,-0.001071875737983265,-0.022559564615353106
42,354,0.00013269909940361765,-0.017388211838559823,0.00013269909940361765
42,354,0.03357010960344192,-0.023077049329565443,0.03357010960344192
42,354,2.4511843860543236,3.3178334253333173,2.4511843860543236
42,354,-0.0010357280690040886,0.0,-0.0010357280690040886
42,363,-0.2775268889951714,-0.28745170591706837,-0.2775268889951714
42,363,-0.2868222366682774,-0.2979541751312326,-0.2868222366682774
42,363,-0.29667368612853595,-0.2880143381963986,-0.29667368612853595
42,363,-0.29806048628619564,-0.3008298512255871,-0.29806048628619564
42,363,-0.2950059553893519,-0.29095252898845647,-0.2950059553893519
42,363,-0.30181455321632794,-0.30026721894625685,-0.30181455321632794
42,363,-0.29142371600014316,-0.29639130768864863,-0.29142371600014316
42,363,-0.3014381565377667,-0.2991419543875964,-0.3014381565377667
42,363,-0.29752742790896525,-0.29564113131620834,-0.29752742790896525
42,363,-0.29781099634100233,-0.29564113131620834,-0.29781099634100233
42,363,-0.2959663755137072,-0.292265337640227,-0.2959663755137072
42,363,-0.12507635385392693,-0.1295395795183849,-0.12507635385392693
42,363,-0.0017005939707251528,0.0,-0.0017005939707251528
42,380,-0.2973094594159539,-0.3076439532752532,-0.2973094594159539
42,380,-0.30393290313249294,-0.3075189238798464,-0.30393290313249294
42,380,-0.2916764623866024,-0.30733137978673636,-0.2916764623866024
42,380,-0.3079541551198797,-0.30733137978673636,-0.3079541551198797
42,380,-0.30346890525737324,-0.307268865089033,-0.30346890525737324
42,380,-0.3045554253286725,-0.3076439532752532,-0.3045554253286725
42,380,-0.3049999991042508,-0.30733137978673636,-0.3049999991042508
42,380,-0.30522761905783896,-0.30733137978673636,-0.30522761905783896
42,380,-0.3001197798416505,-0.30733137978673636,-0.3001197798416505
42,380,-0.2954347280229981,-0.30720635039132965,-0.2954347280229981
42,380,-0.299886779120927,-0.3067687475074061,-0.299886779120927
42,380,-0.288802131255642,-0.2979541751312326,-0.288802131255642
42,380,0.006497959911642554,0.0,0.006497959911642554
42,381,-0.277359860166734,-0.2912025877792699,-0.277359860166734
42,381,-0.28630618788817747,-0.2958286754093184,-0.28630618788817747
42,381,-0.2895905716317539,-0.2953910725253949,-0.2895905716317539
42,381,-0.28824068045915263,-0.30101739531869715,-0.28824068045915263
42,381,-0.28819049252394363,-0.2957036460139117,-0.28819049252394363
42,381,-0.29736962231690944,-0.3007048218301804,-0.29736962231690944
42,381,-0.29403637602643334,-0.2959537048047251,-0.29403637602643334
42,381,-0.3015931639039648,-0.2976416016427158,-0.3015931639039648
42,381,-0.28616737794366387,-0.29757908694501245,-0.28616737794366387
42,381,-0.2842724066094355,-0.29526604312998816,-0.2842724066094355
42,381,-0.28806243963177725,-0.2942032932690311,-0.28806243963177725
42,381,-0.15023039775480565,-0.15798376697341301,-0.15023039775480565
42,381,-0.007197421578666027,0.0,-0.007197421578666027
42,387,-0.28651465813414284,-0.30195511578424755,-0.28651465813414284
42,387,-0.290506912683179,-0.3020176304819509,-0.290506912683179
42,387,-0.2971641284740194,-0.3020176304819509,-0.2971641284740194
42,387,-0.2953782607714188,-0.30514336536711884,-0.2953782607714188
42,387,-0.29461003450105,-0.30233020397046767,-0.29461003450105
42,387,-0.30211435547805066,-0.3044557036923819,-0.30211435547805066
42,387,-0.29221493837742674,-0.3035179832268315,-0.29221493837742674
42,387,-0.29787323950733774,-0.303955586110755,-0.29787323950733774
42,387,-0.2962951166727949,-0.30132996880721397,-0.2962951166727949
42,387,-0.29477713897112273,-0.30333043913372143,-0.29477713897112273
42,387,-0.2946010498855281,-0.30233020397046767,-0.2946010498855281
42,387,-0.24334212344677492,-0.22856286068050471,-0.24334212344677492
42,387,0.003171072185744701,0.0,0.003171072185744701
42,400,-0.28017855122309715,-0.2930155140126673,-0.28017855122309715
42,400,-0.29904531437468845,-0.2967663958748688,-0.29904531437468845
42,400,-0.29704292439634317,-0.29076498489534636,-0.29704292439634317
42,400,-0.2932011548341836,-0.3028928362497979,-0.2932011548341836
42,400,-0.2953995137917346,-0.29589119010702175,-0.2953995137917346
42,400,-0.30715695613982524,-0.30039224834166356,-0.30715695613982524
42,400,-0.2943535503612425,-0.2957036460139117,-0.2943535503612425
42,400,-0.30316726827818213,-0.2994545278761132,-0.30316726827818213
42,400,-0.2974252996268627,-0.2919527641517102,-0.2974252996268627
42,400,-0.29310309412263297,-0.29782914573582586,-0.29310309412263297
42,400,-0.29537886674847214,-0.29526604312998816,-0.29537886674847214
42,400,-0.16653235745117564,-0.13597859338183083,-0.16653235745117564
42,400,0.0017212551724976547,0.0,0.0017212551724976547
42,405,0.003008045035343766,-0.011261771463630693,0.003008045035343766
42,405,-0.048154114820859885,-0.06689985241961972,-0.048154114820859885
42,405,-0.057272044899921035,0.027372311717044837,-0.057272044899921035
42,405,-0.08148048256774863,-0.15123217962145027,-0.08148048256774863
42,405,-0.0184995069617919,-0.05077106041215324,-0.0184995069617919
42,405,-0.165384029823537,-0.18205192558920602,-0.165384029823537
42,405,-0.04436117241991688,-0.048207957806315545,-0.04436117241991688
42,405,-0.10170813863140583,-0.07402652795780258,-0.10170813863140583
42,405,-0.03935206800558932,-0.016575520768416164,-0.03935206800558932
42,405,-0.009212998553962069,-0.033016886264399435,-0.009212998553962069
42,405,0.012935025079054665,0.000803565193117489,0.012935025079054665
42,405,2.885425507257271,3.4321102927350564,2.885425507257271
42,405,0.0068330933535416475,0.0,0.0068330933535416475
42,417,-0.2766334152824092,-0.2872641618239583,-0.2766334152824092
42,417,-0.26380229057881166,-0.28976474973209265,-0.26380229057881166
42,417,-0.27738851877906273,-0.2830131623801299,-0.27738851877906273
42,417,-0.29423360989597075,-0.29501598433917475,-0.29423360989597075
42,417,-0.29000189977735374,-0.28432597103190044,-0.29000189977735374
42,417,-0.29548647241785575,-0.29895441029448633,-0.29548647241785575
42,417,-0.28893904825566386,-0.2927654552218538,-0.28893904825566386
42,417,-0.28786986791821884,-0.2902023526160161,-0.28786986791821884
42,417,-0.2799542960557112,-0.28207544191457956,-0.2799542960557112
42,417,-0.27285652565552676,-0.28657650014922137,-0.27285652565552676
42,417,-0.270059364869742,-0.28551375028826426,-0.270059364869742
42,417,0.0010617703265465319,-0.03664273873119423,0.0010617703265465319
42,417,-0.005692611653905216,0.0,-0.005692611653905216
42,439,-0.13168601171813119,-0.16117201655628427,-0.13168601171813119
42,439,-0.154807541588291,-0.16279739869657162,-0.154807541588291
42,439,-0.17958782760410041,-0.11066014081197065,-0.17958782760410041
42,439,-0.15576803284641622,-0.22800022840117448,-0.15576803284641622
42,439,-0.1498700928342884,-0.15998423729992048,-0.1498700928342884
42,439,-0.2317183056620577,-0.24319129994309058,-0.2317183056620577
42,439,-0.12825287500546168,-0.18874099824346535,-0.12825287500546168
42,439,-0.1950077023207003,-0.19055392447686276,-0.1950077023207003
42,439,-0.17036921661668727,-0.14991937096967975,-0.17036921661668727
42,439,-0.1495173728162263,-0.1527325323663309,-0.1495173728162263
42,439,-0.11735255865741477,-0.1370413432427879,-0.11735255865741477
42,439,1.3394173990160083,1.6927013438368108,1.3394173990160083
42,439,0.0027170165466452335,0.0,0.0027170165466452335
42,455,-0.23967856411154406,-0.23075087510012224,-0.23967856411154406
42,455,-0.2464389907105859,-0.23150105147256256,-0.2464389907105859
42,455,-0.25260000114977926,-0.2079330104383964,-0.25260000114977926
42,455,-0.23959085830540033,-0.2698225611647213,-0.23959085830540033
42,455,-0.22200021784113677,-0.24075322673265961,-0.22200021784113677
42,455,-0.2879599725880991,-0.2783870747500814,-0.2879599725880991
42,455,-0.23954036839215725,-0.24275369705916708,-0.23954036839215725
42,455,-0.26318186689256584,-0.24838001985246932,-0.26318186689256584
42,455,-0.2524664094650391,-0.21462208309265576,-0.2524664094650391
42,455,-0.22355998106132427,-0.21662255341916323,-0.22355998106132427
42,455,-0.21101620896265919,-0.2097459366717938,-0.21101620896265919
42,455,0.5919280133361223,0.789176417930171,0.5919280133361223
42,455,-0.0008440852276237055,0.0,-0.0008440852276237055
42,481,-0.2820025461292829,-0.29126510247697324,-0.2820025461292829
42,481,-0.2768183930736685,-0.29489095494376805,-0.2768183930736685
42,481,-0.28104953559658585,-0.2926404258264471,-0.28104953559658585
42,481,-0.2901824235177491,-0.30176757169113744,-0.2901824235177491
42,481,-0.2955400276069557,-0.29526604312998816,-0.2955400276069557
42,481,-0.2969157048006471,-0.30076733652788373,-0.2969157048006471
42,481,-0.29397207375546797,-0.29601621950242846,-0.29397207375546797
42,481,-0.3018961245454013,-0.3004547630393669,-0.3018961245454013
42,481,-0.29721955230604785,-0.2938907197805143,-0.29721955230604785
42,481,-0.2888434299843958,-0.2979541751312326,-0.2888434299843958
42,481,-0.2871972634821254,-0.29232785233793035,-0.2871972634821254
42,481,-0.12793232426305512,-0.1495442827834596,-0.12793232426305512
42,481,0.007236214917065616,0.0,0.007236214917065616
42,530,-0.28402081222812,-0.2963287929909453,-0.28402081222812
42,530,-0.29713027783086865,-0.29307802871037064,-0.29713027783086865
42,530,-0.291626453193494,-0.2902023526160161,-0.291626453193494
42,530,-0.29028299151218623,-0.30014218955085015,-0.29028299151218623
42,530,-0.29443067307149334,-0.2970164546656822,-0.29443067307149334
42,530,-0.3027832894753438,-0.30208014517965426,-0.3027832894753438
42,530,-0.29544237403022805,-0.298891895596783,-0.29544237403022805
42,530,-0.3057140830267605,-0.2997045866669266,-0.3057140830267605
42,530,-0.29959581246243827,-0.29282796991955723,-0.29959581246243827
42,530,-0.2939853938713262,-0.29307802871037064,-0.2939853938713262
42,530,-0.28847176088749465,-0.29001480852290606,-0.28847176088749465
42,530,-0.11712751358484988,-0.12747659449417406,-0.11712751358484988
42,530,-0.003999175018935256,0.0,-0.003999175018935256
42,531,-0.07463929746734685,-0.09396871652517394,-0.07463929746734685
42,531,-0.09459352866036003,-0.11622394890756955,-0.09459352866036003
42,531,-0.12174653558142634,-0.026140269517030006,-0.12174653558142634
42,531,-0.10473937410568902,-0.21012102485801396,-0.10473937410568902
42,531,-0.10812123819159043,-0.10078281857484,-0.10812123819159043
42,531,-0.17069163752698366,-0.21974828830433116,-0.17069163752698366
42,531,-0.11394565227720999,-0.12891443254135132,-0.11394565227720999
42,531,-0.12780114876997004,-0.13516590231168715,-0.12780114876997004
42,531,-0.10793865068843787,-0.07127588125885481,-0.10793865068843787
42,531,-0.07376630711380125,-0.09528152517694446,-0.07376630711380125
42,531,-0.06674841291208408,-0.07540185130727647,-0.06674841291208408
42,531,2.2149307948632178,2.52921051380545,2.2149307948632178
42,531,0.005661536249450857,0.0,0.005661536249450857
42,551,-0.278064594856401,-0.2877642794055852,-0.278064594856401
42,551,-0.28316886163058724,-0.29089001429075306,-0.28316886163058724
42,551,-0.28709195720765873,-0.28538872089285755,-0.28709195720765873
42,551,-0.29143245458548367,-0.29864183680596956,-0.29143245458548367
42,551,-0.29367267809891284,-0.29089001429075306,-0.29367267809891284
42,551,-0.29131960737221624,-0.298016689828936,-0.29131960737221624
42,551,-0.2916742003354989,-0.29564113131620834,-0.2916742003354989
42,551,-0.2979419652337232,-0.29470341085065793,-0.2979419652337232
42,551,-0.29488631865769843,-0.2895146909412792,-0.29488631865769843
42,551,-0.29001418008691804,-0.2919527641517102,-0.29001418008691804
42,551,-0.28767839313405535,-0.28913960275505907,-0.28767839313405535
42,551,-0.08774909755847066,-0.08015296833273172,-0.08774909755847066
42,551,-0.004372424615870506,0.0,-0.004372424615870506
42,565,-0.1668059076426394,-0.17736332326145413,-0.1668059076426394
42,565,-0.17599948542460803,-0.14635603320058832,-0.17599948542460803
42,565,-0.164747348065813,-0.10647165606584563,-0.164747348065813
42,565,-0.15650806950404367,-0.2385026976153387,-0.15650806950404367
42,565,-0.1549913479779711,-0.15485803208824508,-0.1549913479779711
42,565,-0.1766456517836106,-0.23856521231304206,-0.1766456517836106
42,565,-0.1383100994330229,-0.1805515728443254,-0.1383100994330229
42,565,-0.19065509922744592,-0.1781760143315978,-0.19065509922744592
42,565,-0.1780500893929474,-0.127289050401064,-0.1780500893929474
42,565,-0.12492999873111527,-0.171236882886525,-0.12492999873111527
42,565,-0.1411402897520657,-0.13066484407704534,-0.1411402897520657
42,565,1.653253176260217,1.9480738839550302,1.653253176260217
42,565,0.011223161767170595,0.0,0.011223161767170595
42,566,-0.2560242296584943,-0.2788246776340049,-0.2560242296584943
42,566,-0.26759381599192433,-0.28295064768242656,-0.26759381599192433
42,566,-0.26988981344329155,-0.26819717902443396,-0.26988981344329155
42,566,-0.2716574403012999,-0.2883894263826188,-0.2716574403012999
42,566,-0.2760996127238635,-0.27488625167869335,-0.2760996127238635
42,566,-0.2778968412781098,-0.29489095494376805,-0.2778968412781098
42,566,-0.2715299833167499,-0.27757438367993775,-0.2715299833167499
42,566,-0.2727701033516958,-0.2788246776340049,-0.2727701033516958
42,566,-0.2582938225591132,-0.2728232666544825,-0.2582938225591132
42,566,-0.2620920975968524,-0.27357344302692277,-0.2620920975968524
42,566,-0.26159588059121663,-0.2731358401429993,-0.26159588059121663
42,566,0.0853743158862939,0.1527767953099819,0.0853743158862939
42,566,0.005267909485644771,0.0,0.005267909485644771
42,567,-0.2894765759754901,-0.30745640918214306,-0.2894765759754901
42,567,-0.003315938790835423,0.0,-0.003315938790835423
42,568,-0.30092227628352536,-0.2953910725253949,-0.30092227628352536
42,568,-0.2960197234343596,-0.2987043515036729,-0.2960197234343596
42,568,-0.29655145210125905,-0.2957036460139117,-0.29655145210125905
42,568,-0.2997860975686668,-0.3028928362497979,-0.2997860975686668
42,568,-0.2978060691921554,-0.2985168074105628,-0.2978060691921554
42,568,-0.3070948469154057,-0.30245523336587443,-0.3070948469154057
42,568,-0.2964224811622772,-0.29820423392204604,-0.2964224811622772
42,568,-0.30507623353864305,-0.2978916604335292,-0.30507623353864305
42,568,-0.30020080429616164,-0.2970164546656822,-0.30020080429616164
42,568,-0.3003402745867427,-0.2958286754093184,-0.3003402745867427
42,568,-0.2960839424941792,-0.2965788517817587,-0.2960839424941792
42,568,-0.178255098605199,-0.14579340092125812,-0.178255098605199
42,568,-0.002145092114272326,0.0,-0.002145092114272326
42,585,-0.288595758475601,-0.30270529215668784,-0.288595758475601
42,585,-0.2927544985030079,-0.3030178656452046,-0.2927544985030079
42,585,-0.2972054202023781,-0.30039224834166356,-0.2972054202023781
42,585,-0.2980898162506752,-0.3053309094602289,-0.2980898162506752
42,585,-0.29263557241093013,-0.30233020397046767,-0.29263557241093013
42,585,-0.3020753572148934,-0.30633114462348265,-0.3020753572148934
42,585,-0.29289821881216943,-0.30258026276128114,-0.29289821881216943
42,585,-0.30329432136493656,-0.3030178656452046,-0.30329432136493656
42,585,-0.29627696001428505,-0.3017050569934341,-0.29627696001428505
42,585,-0.2962482806655425,-0.29926698378300315,-0.2962482806655425
42,585,-0.30278231293509,-0.2994545278761132,-0.30278231293509
42,585,-0.21854236182001016,-0.2246244347251931,-0.21854236182001016
42,585,0.0049126989711527754,0.0,0.0049126989711527754
42,605,-0.2802614176020099,-0.2945158667575479,-0.2802614176020099
42,605,-0.2938763448215673,-0.2900773232206094,-0.2938763448215673
42,605,-0.29039288386785506,-0.2883894263826188,-0.29039288386785506
42,605,-0.28856805559318094,-0.30295535094750126,-0.28856805559318094
42,605,-0.29486846877513284,-0.29257791112874376,-0.29486846877513284
42,605,-0.29880079454091546,-0.3010799100164005,-0.29880079454091546
42,605,-0.2937900766699121,-0.2957036460139117,-0.2937900766699121
42,605,-0.3013393006641468,-0.29470341085065793,-0.3013393006641468
42,605,-0.2947318567170006,-0.29270294052415047,-0.2947318567170006
42,605,-0.29059893648574336,-0.2954535872230983,-0.29059893648574336
42,605,-0.2867484663903111,-0.28945217624357583,-0.2867484663903111
42,605,-0.10879242376404576,-0.07015061670019436,-0.10879242376404576
42,605,-0.0059705817940704856,0.0,-0.0059705817940704856
42,612,-0.13239391414250634,-0.17148694167733844,-0.13239391414250634
42,612,-0.1760220376955262,-0.15460797329743164,-0.1760220376955262
42,612,-0.15394942330282785,-0.11172289067292775,-0.15394942330282785
42,612,-0.1597366460084196,-0.23825263882452527,-0.1597366460084196
42,612,-0.1645580528362662,-0.17661314688901383,-0.1645580528362662
42,612,-0.26305490776810847,-0.24281621175687043,-0.26305490776810847
42,612,-0.16416885676795182,-0.17767589674997092,-0.16416885676795182
42,612,-0.2042306300856654,-0.1900538068952359,-0.2042306300856654
42,612,-0.17534230102820922,-0.13972947524403234,-0.17534230102820922
42,612,-0.1440936171730829,-0.15673347301934584,-0.1440936171730829
42,612,-0.1274785893837101,-0.1295395795183849,-0.1274785893837101
42,612,1.4517315992808084,1.7925373160690743,1.4517315992808084
42,612,0.0006597980775144281,0.0,0.0006597980775144281
42,620,-0.28649578785887514,-0.3007048218301804,-0.28649578785887514
42,620,-0.28969950566610714,-0.3013924835049173,-0.28969950566610714
42,620,-0.2935817488359412,-0.29832926331745274,-0.2935817488359412
42,620,-0.296144008093816,-0.30420564490156843,-0.296144008093816
42,620,-0.2900903276877487,-0.30089236592329044,-0.2900903276877487
42,620,-0.30121624254515644,-0.30570599764644907,-0.30121624254515644
42,620,-0.29937138245526335,-0.30258026276128114,-0.29937138245526335
42,620,-0.30208714159330685,-0.3018926010865442,-0.30208714159330685
42,620,-0.29651959739659906,-0.2995795572715199,-0.29651959739659906
42,620,-0.29137353392126525,-0.3007048218301804,-0.29137353392126525
42,620,-0.2912790002288172,-0.2991419543875964,-0.2912790002288172
42,620,-0.20806503312473662,-0.21124628941667442,-0.20806503312473662
42,620,0.001580327963132753,0.0,0.001580327963132753
42,636,-0.28179264533173193,-0.2858263237767811,-0.28179264533173193
42,636,-0.2680442516837467,-0.2902023526160161,-0.2680442516837467
42,636,-0.2727265077748387,-0.28282561828701985,-0.2727265077748387
42,636,-0.2767523440431583,-0.29270294052415047,-0.2767523440431583
42,636,-0.2769277349318246,-0.28388836814797697,-0.2769277349318246
42,636,-0.28227405002287403,-0.2945158667575479,-0.28227405002287403
42,636,-0.27281524962334686,-0.2899522938252027,-0.27281524962334686
42,636,-0.2793373117895856,-0.2926404258264471,-0.2793373117895856
42,636,-0.2818694646250996,-0.2857638090790777,-0.2818694646250996
42,636,-0.2757779662232498,-0.28857697047572883,-0.2757779662232498
42,636,-0.27563435665701524,-0.28782679410328854,-0.27563435665701524
42,636,-0.027275873126065303,-0.04414450245559724,-0.027275873126065303
42,636,-0.0004623644572270572,0.0,-0.0004623644572270572
42,639,-0.17532112874157763,-0.18730316019628812,-0.17532112874157763
42,639,-0.19533065496812438,-0.17098682409571156,-0.19533065496812438
42,639,-0.2070235097717952,-0.1453557980373346,-0.2070235097717952
42,639,-0.18954700317397077,-0.25869494497352347,-0.18954700317397077
42,639,-0.16742490246096095,-0.17029916242097462,-0.16742490246096095
42,639,-0.26302595412140645,-0.2548815484136186,-0.26302595412140645
42,639,-0.15942039743361064,-0.19342960057121725,-0.15942039743361064
42,639,-0.19263957466155737,-0.19905592336451952,-0.19263957466155737
42,639,-0.176997623199996,-0.1486690770156126,-0.176997623199996
42,639,-0.15402861776005158,-0.16223476641724138,-0.15402861776005158
42,639,-0.14641660781856333,-0.14454310696719094,-0.14641660781856333
42,639,1.1891684770247808,1.6848244919261877,1.1891684770247808
42,639,0.006124229963666206,0.0,0.006124229963666206
42,686,-0.2860220269283075,-0.29939201317840985,-0.2860220269283075
42,686,-0.2885292719685745,-0.29964207196922327,-0.2885292719685745
42,686,-0.2932857054104955,-0.30039224834166356,-0.2932857054104955
42,686,-0.290799165127777,-0.3038305567153483,-0.290799165127777
42,686,-0.2910266932537434,-0.29820423392204604,-0.2910266932537434
42,686,-0.30065677005283037,-0.3018926010865442,-0.30065677005283037
42,686,-0.28702724667186647,-0.3032679244360181,-0.28702724667186647
42,686,-0.29238452868703696,-0.2995795572715199,-0.29238452868703696
42,686,-0.2949031108461993,-0.2970164546656822,-0.2949031108461993
42,686,-0.28959248505819224,-0.29707896936338557,-0.28959248505819224
42,686,-0.28685846864424386,-0.2961412488978352,-0.28685846864424386
42,686,-0.16908530324653295,-0.2053699078325587,-0.16908530324653295
42,686,0.0018425462374657585,0.0,0.0018425462374657585
42,722,-0.28417750744759485,-0.295578616618505,-0.28417750744759485
42,722,-0.29622520340660996,-0.29939201317840985,-0.29622520340660996
42,722,-0.28834283951120016,-0.29832926331745274,-0.28834283951120016
42,722,-0.2986566839455804,-0.3007048218301804,-0.2986566839455804
42,722,-0.28856152698161763,-0.29639130768864863,-0.28856152698161763
42,722,-0.305045471838289,-0.29926698378300315,-0.305045471838289
42,722,-0.28287361516754517,-0.298016689828936,-0.28287361516754517
42,722,-0.2986894936799651,-0.3009548806209938,-0.2986894936799651
42,722,-0.30014876529535606,-0.2962662782932419,-0.30014876529535606
42,722,-0.30110289542447766,-0.29470341085065793,-0.30110289542447766
42,722,-0.2948566974106827,-0.2904524114068296,-0.2948566974106827
42,722,-0.13224712759272617,-0.16704839814039998,-0.13224712759272617
42,722,0.0025378109078696867,0.0,0.0025378109078696867
42,736,-0.2881643272596478,-0.30633114462348265,-0.2881643272596478
42,736,-0.2946051241840015,-0.30526839476252554,-0.2946051241840015
42,736,-0.3029085721109887,-0.30539342415793225,-0.3029085721109887
42,736,-0.2986698932525752,-0.3071438356936263,-0.2986698932525752
42,736,-0.29663495434792186,-0.3062061152280759,-0.29663495434792186
42,736,-0.3126748955361415,-0.3065186887165927,-0.3126748955361415
42,736,-0.2956812196732529,-0.3057685123441524,-0.2956812196732529
42,736,-0.3020175098514412,-0.30564348294874566,-0.3020175098514412
42,736,-0.29935904630222926,-0.3054559388556356,-0.29935904630222926
42,736,-0.29946915715670114,-0.30551845355333895,-0.29946915715670114
42,736,-0.29942922882909423,-0.3057685123441524,-0.29942922882909423
42,736,-0.27065703366182753,-0.27457367819017653,-0.27065703366182753
42,736,0.004008144172500748,0.0,0.004008144172500748
42,768,-0.26984560580727246,-0.27951233930874186,-0.26984560580727246
42,768,-0.2693791697034999,-0.27932479521563175,-0.2693791697034999
42,768,-0.2788924527533927,-0.26807214962902726,-0.2788924527533927
42,768,-0.27786265076462474,-0.2946408961529546,-0.27786265076462474
42,768,-0.2861403105467081,-0.27563642805113364,-0.2861403105467081
42,768,-0.29181908417076646,-0.28882702926654225,-0.29181908417076646
42,768,-0.2705074724392858,-0.2810752067513258,-0.2705074724392858
42,768,-0.28476618351445726,-0.28513866210204414,-0.28476618351445726
42,768,-0.2783665645691289,-0.27601151623735376,-0.2783665645691289
42,768,-0.280718674162449,-0.28220047130998627,-0.280718674162449
42,768,-0.2778357249507323,-0.2731358401429993,-0.2778357249507323
42,768,0.07939510319227913,0.10670346310260673,0.07939510319227913
42,768,-0.0013742222679858,0.0,-0.0013742222679858
42,807,-0.2763451604894206,-0.28432597103190044,-0.2763451604894206
42,807,-0.2838851130072842,-0.2797623980995553,-0.2838851130072842
42,807,-0.2790796699002868,-0.26775957614051044,-0.2790796699002868
42,807,-0.27493342451679337,-0.29564113131620834,-0.27493342451679337
42,807,-0.2886568194091776,-0.2786371335408948,-0.2886568194091776
42,807,-0.2801555959998795,-0.29489095494376805,-0.2801555959998795
42,807,-0.28091146976775727,-0.2887645145688389,-0.28091146976775727
42,807,-0.29003705889322423,-0.29051492610453294,-0.29003705889322423
42,807,-0.2888617805087493,-0.27844958944778475,-0.2888617805087493
42,807,-0.2836922263702732,-0.27844958944778475,-0.2836922263702732
42,807,-0.28271874039692746,-0.2788246776340049,-0.28271874039692746
42,807,0.03614479385153044,0.0972637437493996,0.03614479385153044
42,807,-0.00021738200155259387,0.0,-0.00021738200155259387
42,862,-0.2728822315966333,-0.28707661773084825,-0.2728822315966333
42,862,-0.25806703002475784,-0.286513985451518,-0.25806703002475784
42,862,-0.2695170130578819,-0.2797623980995553,-0.2695170130578819
42,862,-0.2770345829520094,-0.29414077857132775,-0.2770345829520094
42,862,-0.28201252614229416,-0.28807685289410195,-0.28201252614229416
42,862,-0.28650453790736347,-0.29345311689659076,-0.28650453790736347
42,862,-0.27818167051956016,-0.2872641618239583,-0.27818167051956016
42,862,-0.27694219260577474,-0.29151516126778665,-0.27694219260577474
42,862,-0.27504701674157056,-0.2857638090790777,-0.27504701674157056
42,862,-0.27716702837081714,-0.279887427494962,-0.27716702837081714
42,862,-0.26839514574810075,-0.28538872089285755,-0.26839514574810075
42,862,0.020188468132023612,0.006742461474936543,0.020188468132023612
42,862,0.0038698632304190457,0.0,0.0038698632304190457
42,926,-0.2807502701735081,-0.2918902494540068,-0.2807502701735081
42,926,-0.28428648397452155,-0.28882702926654225,-0.28428648397452155
42,926,-0.2879392177925279,-0.28401339754338367,-0.2879392177925279
42,926,-0.29027791919651,-0.30026721894625685,-0.29027791919651
42,926,-0.2809599608945389,-0.29151516126778665,-0.2809599608945389
42,926,-0.29459308258113703,-0.2981417192243427,-0.29459308258113703
42,926,-0.2896425679416188,-0.2910775583838632,-0.2896425679416188
42,926,-0.28352125191680083,-0.29514101373458146,-0.28352125191680083
42,926,-0.27956293577867025,-0.2869515883354415,-0.27956293577867025
42,926,-0.2755188500260526,-0.2895146909412792,-0.2755188500260526
42,926,-0.2811071450414916,-0.2887645145688389,-0.2811071450414916
42,926,-0.05597466040068136,-0.05364673650650773,-0.05597466040068136
42,926,-0.002943902435162764,0.0,-0.002943902435162764
42,932,-0.28435590691579604,-0.29807920452663933,-0.28435590691579604
42,932,-0.2855099374976679,-0.2961412488978352,-0.2855099374976679
42,932,-0.29067727487795875,-0.28976474973209265,-0.29067727487795875
42,932,-0.2817256251695086,-0.30439318899467854,-0.2817256251695086
42,932,-0.2926385589165494,-0.2968914252702755,-0.2926385589165494
42,932,-0.29528322741210933,-0.3028928362497979,-0.29528322741210933
42,932,-0.2828904442024241,-0.29707896936338557,-0.2828904442024241
42,932,-0.29293203793059314,-0.3007048218301804,-0.29293203793059314
42,932,-0.28675687797332045,-0.29670388117716545,-0.28675687797332045
42,932,-0.28880495303232134,-0.2981417192243427,-0.28880495303232134
42,932,-0.2835465725340446,-0.29857932210826615,-0.2835465725340446
42,932,-0.16841291691205912,-0.16135956064939436,-0.16841291691205912
42,932,0.0057870767207977986,0.0,0.0057870767207977986
42,933,-0.17985818690330227,-0.2101835395557173,-0.17985818690330227
42,933,-0.22709890087255524,-0.21649752402375652,-0.22709890087255524
42,933,-0.20352233741335163,-0.16392266325523205,-0.20352233741335163
42,933,-0.22307148758278644,-0.2606329006023276,-0.22307148758278644
42,933,-0.18179796564453704,-0.2144345389995457,-0.18179796564453704
42,933,-0.2614028017251404,-0.2656965911162996,-0.2614028017251404
42,933,-0.20217864966082744,-0.2288754341690215,-0.20217864966082744
42,933,-0.22577931131672696,-0.23568953621868757,-0.22577931131672696
42,933,-0.22754268642294223,-0.18499011638126386,-0.22754268642294223
42,933,-0.2080396824824099,-0.1984932910851893,-0.2080396824824099
42,933,-0.1915523267659584,-0.18636543973073774,-0.1915523267659584
42,933,0.8666160313206939,1.0646161760111683,0.8666160313206939
42,933,-0.005147748237270679,0.0,-0.005147748237270679
42,934,-0.30168708505210956,-0.30770646797295653,-0.30168708505210956
42,934,-0.3108913908880202,-0.30783149736836324,-0.3108913908880202
42,934,-0.28155131213193996,-0.30770646797295653,-0.28155131213193996
42,934,-0.2958118070712526,-0.30783149736836324,-0.2958118070712526
42,934,-0.29183424564576654,-0.3077689826706599,-0.29183424564576654
42,934,0.007390239796477823,0.0,0.007390239796477823
42,935,-0.28494934891411605,-0.29757908694501245,-0.28494934891411605
42,935,-0.2966980095683466,-0.2978916604335292,-0.2966980095683466
42,935,-0.289280171635518,-0.2937656903851076,-0.289280171635518
42,935,-0.2859827781947628,-0.30333043913372143,-0.2859827781947628
42,935,-0.2849569310324401,-0.2988293808990796,-0.2849569310324401
42,935,-0.3042294507652949,-0.30295535094750126,-0.3042294507652949
42,935,-0.2854422668147514,-0.3002047042485535,-0.2854422668147514
42,935,-0.29418648843400963,-0.3004547630393669,-0.29418648843400963
42,935,-0.29675670427594064,-0.29807920452663933,-0.29675670427594064
42,935,-0.29632403769868276,-0.2995795572715199,-0.29632403769868276
42,935,-0.29547621197857704,-0.29620376359553857,-0.29547621197857704
42,935,-0.17185552065320758,-0.17730080856375077,-0.17185552065320758
42,935,0.005803922043567548,0.0,0.005803922043567548
42,936,-0.2874358759680578,-0.29757908694501245,-0.2874358759680578
42,936,-0.29968265766326835,-0.29964207196922327,-0.29968265766326835
42,936,-0.2973677811568471,-0.2938907197805143,-0.2973677811568471
42,936,-0.2920643380571433,-0.30233020397046767,-0.2920643380571433
42,936,-0.2927674817426437,-0.2993294984807065,-0.2927674817426437
42,936,-0.302258444289747,-0.3045807330877886,-0.302258444289747
42,936,-0.29393588295341283,-0.29682891057257216,-0.29393588295341283
42,936,-0.30108320747289263,-0.3005172777370703,-0.30108320747289263
42,936,-0.2842256799809427,-0.2990169249921897,-0.2842256799809427
42,936,-0.2978847893556448,-0.29695393996797886,-0.2978847893556448
42,936,-0.2955777269670415,-0.29651633708405534,-0.2955777269670415
42,936,-0.16731733586577552,-0.17229963274748208,-0.16731733586577552
42,936,0.006748900435878264,0.0,0.006748900435878264
42,959,-0.2791644353989732,-0.2908274995930497,-0.2791644353989732
42,959,-0.2787413826841437,-0.2917652200586001,-0.2787413826841437
42,959,-0.28859209175893763,-0.2877642794055852,-0.28859209175893763
42,959,-0.29039753947564495,-0.302392718668171,-0.29039753947564495
42,959,-0.2915909568144243,-0.2988293808990796,-0.2915909568144243
42,959,-0.3029211499554061,-0.30183008638884085,-0.3029211499554061
42,959,-0.29320408157161304,-0.2953910725253949,-0.29320408157161304
42,959,-0.2995926255783883,-0.2937656903851076,-0.2995926255783883
42,959,-0.288519860744851,-0.2933906021988874,-0.288519860744851
42,959,-0.28923716138761424,-0.2945783814552512,-0.28923716138761424
42,959,-0.29165770088658605,-0.28857697047572883,-0.29165770088658605
42,959,-0.11845468699724931,-0.0792777625648847,-0.11845468699724931
42,959,-0.009849947781996386,0.0,-0.009849947781996386
43,224,-0.23875494451837256,-0.27676169260979405,-0.23875494451837256
43,224,-0.27890171896196814,-0.2812002361467325,-0.27890171896196814
43,224,-0.27621955147104077,-0.27919976582022504,-0.27621955147104077
43,224,-0.272860608816293,-0.29476592554836134,-0.272860608816293
43,224,-0.2792041994758027,-0.28588883847448443,-0.2792041994758027
43,224,-0.2853239144725575,-0.2958286754093184,-0.2853239144725575
43,224,-0.2764793869718048,-0.292265337640227,-0.2764793869718048
43,224,-0.2810095781101775,-0.29114007308156653,-0.2810095781101775
43,224,-0.28144971990309214,-0.28151280963524933,-0.28144971990309214
43,224,-0.2728015377383952,-0.2859513531721878,-0.2728015377383952
43,224,-0.2678745872232437,-0.27894970702941163,-0.2678745872232437
43,224,0.023044154576369665,-0.036080106451864005,0.023044154576369665
43,224,-0.0008474359858571222,0.0,-0.0008474359858571222
43,225,-0.2880631812687288,-0.30720635039132965,-0.2880631812687288
43,225,-0.2928993748622472,-0.30720635039132965,-0.2928993748622472
43,225,-0.28976947353333893,-0.30708132099592295,-0.28976947353333893
43,225,-0.2958590716647444,-0.3071438356936263,-0.2958590716647444
43,225,-0.29397045375424213,-0.30733137978673636,-0.29397045375424213
43,225,-0.3024358676935221,-0.30770646797295653,-0.3024358676935221
43,225,-0.2963264162374422,-0.3075189238798464,-0.2963264162374422
43,225,-0.30197208018338473,-0.3075814385775498,-0.30197208018338473
43,225,-0.2981340718105281,-0.3071438356936263,-0.2981340718105281
43,225,-0.30142527977629713,-0.3073938944844397,-0.30142527977629713
43,225,-0.30696573296504664,-0.3073938944844397,-0.30696573296504664
43,225,-0.2926036288392201,-0.30208014517965426,-0.2926036288392201
43,225,0.009176301174689474,0.0,0.009176301174689474
43,308,-0.2804247340683366,-0.29807920452663933,-0.2804247340683366
43,308,-0.28868900057384617,-0.29214030824482023,-0.28868900057384617
43,308,-0.29506342346117936,-0.286513985451518,-0.29506342346117936
43,308,-0.289724050032435,-0.2973915428519024,-0.289724050032435
43,308,-0.2938140580612999,-0.2937656903851076,-0.2938140580612999
43,308,-0.29756212417734446,-0.2993294984807065,-0.29756212417734446
43,308,-0.29398673360625255,-0.29682891057257216,-0.29398673360625255
43,308,-0.3005453392671941,-0.29907943968989303,-0.3005453392671941
43,308,-0.29751631683674196,-0.2930155140126673,-0.29751631683674196
43,308,-0.29688461892667156,-0.2935781462919975,-0.29688461892667156
43,308,-0.29273376588449257,-0.28451351512501055,-0.29273376588449257
43,308,-0.07460963429436555,-0.15910903153207345,-0.07460963429436555
43,308,-0.018944043220003176,0.0,-0.018944043220003176
43,464,-0.28365345552210836,-0.29857932210826615,-0.28365345552210836
43,464,-0.30869078920085635,-0.2985168074105628,-0.30869078920085635
43,464,-0.2979381862126969,-0.2976416016427158,-0.2979381862126969
43,464,-0.28985899750941624,-0.3036430126222382,-0.28985899750941624
43,464,-0.2971869505624884,-0.3030178656452046,-0.2971869505624884
43,464,-0.30636971628731136,-0.3047057624831953,-0.30636971628731136
43,464,-0.2982596747627034,-0.3027678068543912,-0.2982596747627034
43,464,-0.3076007063227721,-0.30001716015544344,-0.3076007063227721
43,464,-0.30436289498596636,-0.29576616071161504,-0.30436289498596636
43,464,-0.3012620865503665,-0.29939201317840985,-0.3012620865503665
43,464,-0.29805427412274327,-0.2965788517817587,-0.29805427412274327
43,464,-0.20483484978857963,-0.23225122784500285,-0.20483484978857963
43,464,-0.006723698203381981,0.0,-0.006723698203381981
43,652,-0.22952116484163335,-0.26663431158185,-0.22952116484163335
43,652,-0.25590858878752243,-0.25944512134596376,-0.25590858878752243
43,652,-0.2536899735613844,-0.2532561662733313,-0.2536899735613844
43,652,-0.257430651870012,-0.2778869571684545,-0.257430651870012
43,652,-0.2511373156895498,-0.27676169260979405,-0.2511373156895498
43,652,-0.2699625651249291,-0.2854512355905609,-0.2699625651249291
43,652,-0.26027348839059206,-0.27894970702941163,-0.26027348839059206
43,652,-0.2650559012833058,-0.2736359577246262,-0.2650559012833058
43,652,-0.2624583979787663,-0.2653215029300795,-0.2624583979787663
43,652,-0.2600188104255108,-0.25588178357687236,-0.2600188104255108
43,652,-0.24991028446211666,-0.250943122458307,-0.24991028446211666
43,652,0.3063929713506649,0.19622451021381604,0.3063929713506649
43,652,0.004316344845477114,0.0,0.004316344845477114
43,782,-0.2720152439815371,-0.2875767353124751,-0.2720152439815371
43,782,-0.2863252072011022,-0.2925153964310404,-0.2863252072011022
43,782,-0.28015055673571165,-0.2866390148469247,-0.28015055673571165
43,782,-0.293022251068162,-0.2952035284322848,-0.293022251068162
43,782,-0.29221408918240965,-0.29439083736214117,-0.29221408918240965
43,782,-0.2991758432592078,-0.3010799100164005,-0.2991758432592078
43,782,-0.2949323653126941,-0.2985168074105628,-0.2949323653126941
43,782,-0.2919440982320567,-0.2990169249921897,-0.2919440982320567
43,782,-0.2993468626514154,-0.29182773475630347,-0.2993468626514154
43,782,-0.2847612164116022,-0.29126510247697324,-0.2847612164116022
43,782,-0.27937467634205165,-0.2913276171746766,-0.27937467634205165
43,782,-0.09249060786970054,-0.14660609199140176,-0.09249060786970054
43,782,0.0014979655554825445,0.0,0.0014979655554825445
43,840,-0.22357549766573984,-0.2582573420896,-0.22357549766573984
43,840,-0.241583988640352,-0.2469421818052921,-0.241583988640352
43,840,-0.2513488486514861,-0.24037813854643944,-0.2513488486514861
43,840,-0.24627081389584457,-0.2649464147438593,-0.24627081389584457
43,840,-0.23080696721455576,-0.25688201874012606,-0.23080696721455576
43,840,-0.2640485923947665,-0.27982491279725863,-0.2640485923947665
43,840,-0.23409851569952708,-0.2687598113037642,-0.23409851569952708
43,840,-0.25311214660328873,-0.2728232666544825,-0.25311214660328873
43,840,-0.25658998227589663,-0.2547565190182119,-0.25658998227589663
43,840,-0.24829666340751605,-0.25419388673888166,-0.24829666340751605
43,840,-0.24046869505151694,-0.24625452013055515,-0.24046869505151694
43,840,0.34566943881936435,0.2918094830022511,0.34566943881936435
43,840,0.002660312079101199,0.0,0.002660312079101199
43,910,-0.2906851679840347,-0.29489095494376805,-0.2906851679840347
43,910,-0.2961474539021727,-0.29601621950242846,-0.2961474539021727
43,910,-0.29887315097886447,-0.29601621950242846,-0.29887315097886447
43,910,-0.2953044090335114,-0.303080380342908,-0.2953044090335114
43,910,-0.28383209197282094,-0.29939201317840985,-0.28383209197282094
43,910,-0.30401602653358756,-0.3021426598773576,-0.30401602653358756
43,910,-0.29371599641102275,-0.2987043515036729,-0.29371599641102275
43,910,-0.30281869155273766,-0.29832926331745274,-0.30281869155273766
43,910,-0.29556629102113796,-0.29270294052415047,-0.29556629102113796
43,910,-0.29122427538752393,-0.29639130768864863,-0.29122427538752393
43,910,-0.29239339089991734,-0.2970164546656822,-0.29239339089991734
43,910,-0.16578028178279616,-0.1874907042893982,-0.16578028178279616
43,910,0.005003662419689913,0.0,0.005003662419689913
43,956,-0.17454621540336376,-0.2363771978934245,-0.17454621540336376
43,956,-0.23897124165747502,-0.22187378802624536,-0.23897124165747502
43,956,-0.23144449687252575,-0.21362184792940203,-0.23144449687252575
43,956,-0.22576138669171208,-0.24300375584998052,-0.22576138669171208
43,956,-0.20759259635387511,-0.23381409528758682,-0.20759259635387511
43,956,-0.24543994742987038,-0.27469870758558323,-0.24543994742987038
43,956,-0.20993324939962715,-0.2590075184620403,-0.20993324939962715
43,956,-0.23810166108531008,-0.2556942394837623,-0.23810166108531008
43,956,-0.24122371285157906,-0.22925052235524165,-0.24122371285157906
43,956,-0.2277592897055541,-0.23056333100701218,-0.2277592897055541
43,956,-0.22493042145269693,-0.21737272979160355,-0.22493042145269693
43,956,0.6071589480473066,0.5488699199584611,0.6071589480473066
43,956,0.0030564980190638936,0.0,0.0030564980190638936
44,5,-0.09698538652843494,-0.0515837514822969,-0.09698538652843494
44,5,-0.08576556091355708,-0.06064838264928388,-0.08576556091355708
44,5,-0.10184734491846298,-0.16404769265063876,-0.10184734491846298
44,5,-0.15275689014339291,-0.2195607442112211,-0.15275689014339291
44,5,-0.11786467908577872,-0.09728199550345194,-0.11786467908577872
44,5,-0.22346756065157738,-0.1959301884793516,-0.22346756065157738
44,5,-0.10217471382841366,-0.17129939758422835,-0.10217471382841366
44,5,-0.12689062489544778,-0.12235038928249868,-0.12689062489544778
44,5,-0.12548995556468787,-0.09646930443330827,-0.12548995556468787
44,5,-0.10290382490436553,-0.048082928410908825,-0.10290382490436553
44,5,-0.08186346218504717,-0.07221360172440519,-0.08186346218504717
44,5,1.876423308107893,2.814152505937358,1.876423308107893
44,5,-0.0053807820406946115,0.0,-0.0053807820406946115
44,16,-0.12118435495765204,-0.09096801103541273,-0.12118435495765204
44,16,-0.10294293370810802,-0.062336279487274555,-0.10294293370810802
44,16,-0.16719706432788226,-0.17592548521427687,-0.16719706432788226
44,16,-0.15761623000179417,-0.21849799435026399,-0.15761623000179417
44,16,-0.1463255669728138,-0.1423550925475734,-0.1463255669728138
44,16,-0.24558647810238238,-0.19436732103676763,-0.24558647810238238
44,16,-0.12012915175767351,-0.22537461109763343,-0.12012915175767351
44,16,-0.1293872280868476,-0.13103993226326552,-0.1293872280868476
44,16,-0.18179509927942195,-0.11759927225704343,-0.18179509927942195
44,16,-0.1253519692588121,-0.08671701159158436,-0.1253519692588121
44,16,-0.08062164273529539,-0.09240584908258997,-0.08062164273529539
44,16,1.6489738876919895,2.24683162427938,1.6489738876919895
44,16,0.009072595681659981,0.0,0.009072595681659981
44,19,-0.0565644474244198,-0.004260125320854546,-0.0565644474244198
44,19,-0.048188179081142674,-0.03195413640344234,-0.048188179081142674
44,19,-0.055444588366458124,-0.12735156509876736,-0.055444588366458124
44,19,-0.05952334861410115,-0.17898870540174144,-0.05952334861410115
44,19,-0.10941714150326291,-0.06902535214153391,-0.10941714150326291
44,19,-0.2028161733744365,-0.17548788233035337,-0.2028161733744365
44,19,-0.07230453273494813,-0.13460327003235695,-0.07230453273494813
44,19,-0.1052805836812185,-0.09890737764373926,-0.1052805836812185
44,19,-0.1258122094879627,-0.06489938209311226,-0.1258122094879627
44,19,-0.0851199613514024,-0.01995131444439752,-0.0851199613514024
44,19,-0.011448945059832228,-0.04351935547856366,-0.011448945059832228
44,19,2.4486354549395988,2.8133398148672146,2.4486354549395988
44,19,-0.0013900718489465408,0.0,-0.0013900718489465408
44,24,-0.19998849797487428,-0.19467989452528442,-0.19998849797487428
44,24,-0.19840656050649547,-0.18423994000882354,-0.19840656050649547
44,24,-0.20657507514506987,-0.23325146300825658,-0.20657507514506987
44,24,-0.22009816570135657,-0.2609454740908444,-0.22009816570135657
44,24,-0.21980327956282608,-0.19793065880585906,-0.21980327956282608
44,24,-0.2732135779022017,-0.2616956504632847,-0.2732135779022017
44,24,-0.18238014199061903,-0.235939595009501,-0.18238014199061903
44,24,-0.22633136407322796,-0.2219363027239487,-0.22633136407322796
44,24,-0.22761252425251255,-0.2101835395557173,-0.22761252425251255
44,24,-0.2170324480176971,-0.1901788362906426,-0.2170324480176971
44,24,-0.2154907175941171,-0.19299199768729375,-0.2154907175941171
44,24,0.7775588063657953,1.0215435492935545,0.7775588063657953
44,24,0.00048310457864643495,0.0,0.00048310457864643495
44,25,-0.1735422152790081,-0.1975555706196389,-0.1735422152790081
44,25,-0.20893445259686563,-0.18586532214911086,-0.20893445259686563
44,25,-0.20691027397365938,-0.2290004635644282,-0.20691027397365938
44,25,-0.23116294074276467,-0.2604453565092175,-0.23116294074276467
44,25,-0.21228922179869783,-0.2111212600212677,-0.21228922179869783
44,25,-0.2695547679796279,-0.2559442982745757,-0.2695547679796279
44,25,-0.19428475766604075,-0.23875275640615212,-0.19428475766604075
44,25,-0.21667050462018764,-0.21237155397533486,-0.21667050462018764
44,25,-0.22117238312865234,-0.20699528997284602,-0.22117238312865234
44,25,-0.1978495000550476,-0.20593254011188894,-0.1978495000550476
44,25,-0.1850597923811248,-0.19780562941045235,-0.1850597923811248
44,25,0.7485666773243901,0.9284591644132537,0.7485666773243901
44,25,-0.0010408073236568955,0.0,-0.0010408073236568955
44,29,-0.2021930181648994,-0.19024135098834596,-0.2021930181648994
44,29,-0.2016241254006419,-0.19911843806222287,-0.2016241254006419
44,29,-0.19976025405035502,-0.2314385367748592,-0.19976025405035502
44,29,-0.22364313057211938,-0.27457367819017653,-0.22364313057211938
44,29,-0.23045025984425183,-0.2133717891385886,-0.23045025984425183
44,29,-0.2740616051513443,-0.2528185633894078,-0.2740616051513443
44,29,-0.20229802099337174,-0.24075322673265961,-0.20229802099337174
44,29,-0.22497801016626937,-0.2275001108195476,-0.22497801016626937
44,29,-0.22383885166010128,-0.1999936438300699,-0.22383885166010128
44,29,-0.21079926430798157,-0.1816143227052825,-0.21079926430798157
44,29,-0.18473731806657448,-0.1929294829895904,-0.18473731806657448
44,29,0.8329109872896682,0.9809715104840748,0.8329109872896682
44,29,-0.0011800766096454935,0.0,-0.0011800766096454935
44,49,-0.21955674245859616,-0.24525428496730142,-0.21955674245859616
44,49,-0.25032556695116326,-0.2323137425427062,-0.25032556695116326
44,49,-0.2553789056094648,-0.25944512134596376,-0.2553789056094648
44,49,-0.2538714231701062,-0.27907473642481834,-0.2538714231701062
44,49,-0.26091179960932165,-0.2411908296165831,-0.26091179960932165
44,49,-0.2878063845490732,-0.27663666321438735,-0.2878063845490732
44,49,-0.2392104249651022,-0.27063525223486495,-0.2392104249651022
44,49,-0.259978209920287,-0.25106815185371373,-0.259978209920287
44,49,-0.2657642424762915,-0.25431891613428836,-0.2657642424762915
44,49,-0.25282554090822185,-0.23931538868548236,-0.25282554090822185
44,49,-0.2479716432668862,-0.23281386012433308,-0.2479716432668862
44,49,0.5111904314158371,0.4564731967528973,0.5111904314158371
44,49,-0.0006371554055733256,0.0,-0.0006371554055733256
44,50,-0.1933565524308739,0.0,-0.1933565524308739
44,54,-0.27899284384254913,-0.2976416016427158,-0.27899284384254913
44,54,-0.2829599324646917,-0.295578616618505,-0.2829599324646917
44,54,-0.2946873709174197,-0.3005797924347737,-0.2946873709174197
44,54,-0.2811380734265988,-0.303080380342908,-0.2811380734265988
44,54,-0.29621416916675136,-0.298891895596783,-0.29621416916675136
44,54,-0.2988329145088682,-0.30295535094750126,-0.2988329145088682
44,54,-0.2877238112250599,-0.3027678068543912,-0.2877238112250599
44,54,-0.29347914317045426,-0.30039224834166356,-0.29347914317045426
44,54,-0.2952551483300349,-0.2997045866669266,-0.2952551483300349
44,54,-0.2877612691570622,-0.295578616618505,-0.2877612691570622
44,54,-0.2917097296324766,-0.2983917780151561,-0.2917097296324766
44,54,-0.1606188690581754,-0.19718048243341876,-0.1606188690581754
44,54,0.0032862517577824045,0.0,0.0032862517577824045
44,55,-0.06477068434293373,-0.10753440592680272,-0.06477068434293373
44,55,-0.10576682948990178,-0.08684204098699107,-0.10576682948990178
44,55,-0.1337314761659667,-0.144730651060301,-0.1337314761659667
44,55,-0.14777168034708496,-0.2229990525849058,-0.14777168034708496
44,55,-0.13550421609430185,-0.1253510947722599,-0.13550421609430185
44,55,-0.21404613668056147,-0.20918330439246358,-0.21404613668056147
44,55,-0.10383912387585299,-0.15048200324900998,-0.10383912387585299
44,55,-0.13605541821981532,-0.12847682965742782,-0.13605541821981532
44,55,-0.142174111090187,-0.12603875644699683,-0.142174111090187
44,55,-0.1107311040162441,-0.06927541093234735,-0.1107311040162441
44,55,-0.08559923726355576,-0.08946765829053213,-0.08559923726355576
44,55,1.6638209989888408,2.175689898292958,1.6638209989888408
44,55,0.0048649967896598045,0.0,0.0048649967896598045
44,61,-0.24180506892257694,-0.23800258003371183,-0.24180506892257694
44,61,-0.24017103536302836,-0.23787755063830512,-0.24017103536302836
44,61,-0.2524693733286589,-0.26625922339562985,-0.2524693733286589
44,61,-0.24719713482237546,-0.28282561828701985,-0.24719713482237546
44,61,-0.2538303652449738,-0.24462913799026784,-0.2538303652449738
44,61,-0.2842470761078017,-0.27938730991333516,-0.2842470761078017
44,61,-0.24254861280450601,-0.26575910581400297,-0.24254861280450601
44,61,-0.2539830807443778,-0.25200587231926413,-0.2539830807443778
44,61,-0.2483005859199241,-0.2559442982745757,-0.2483005859199241
44,61,-0.24420600287263472,-0.23950293277859244,-0.24420600287263472
44,61,-0.24627648308385525,-0.2403156238487361,-0.24627648308385525
44,61,0.36828092282398567,0.5125488805928099,0.36828092282398567
44,61,-0.0006012289712726762,0.0,-0.0006012289712726762
44,62,-0.2971629297838391,-0.30783149736836324,-0.2971629297838391
44,62,-0.2845210223541697,-0.3077689826706599,-0.2845210223541697
44,62,-0.29304004717195353,-0.3077689826706599,-0.29304004717195353
44,62,-0.2869249247864478,-0.30783149736836324,-0.2869249247864478
44,62,0.016055268775333236,0.0,0.016055268775333236
44,63,-0.13555333427987779,-0.08765473205713473,-0.13555333427987779
44,63,-0.12241885192645956,-0.07408904265550595,-0.12241885192645956
44,63,-0.1354054127450741,-0.1461059744097749,-0.1354054127450741
44,63,-0.13735683900374857,-0.22318659667801588,-0.13735683900374857
44,63,-0.13652517979639014,-0.13229022621733266,-0.13652517979639014
44,63,-0.21505257050181648,-0.22318659667801588,-0.21505257050181648
44,63,-0.13235254575347807,-0.18380233712490004,-0.13235254575347807
44,63,-0.16205496861822744,-0.1057839943911087,-0.16205496861822744
44,63,-0.15056892331718577,-0.10528387680948181,-0.15056892331718577
44,63,-0.11355029500954615,-0.060523353253877164,-0.11355029500954615
44,63,-0.09919827966562224,-0.08627940870766085,-0.09919827966562224
44,63,1.3765277634253856,2.3764871073161453,1.3765277634253856
44,63,0.014394678257236216,0.0,0.014394678257236216
44,71,-0.10413456945698725,-0.16561056009322273,-0.10413456945698725
44,71,-0.1685653475032804,-0.1534827087387712,-0.1685653475032804
44,71,-0.17050071743848774,-0.20149399657495048,-0.17050071743848774
44,71,-0.18886557441129334,-0.24712972589840218,-0.18886557441129334
44,71,-0.16883529970066644,-0.1665482805587731,-0.16883529970066644
44,71,-0.26519314021637996,-0.24581691724663163,-0.26519314021637996
44,71,-0.14329248798226066,-0.20155651127265384,-0.14329248798226066
44,71,-0.20288932247837901,-0.16336003097590182,-0.20288932247837901
44,71,-0.1882640662616625,-0.16986155953705112,-0.1882640662616625
44,71,-0.1426233222198488,-0.12453840370211623,-0.1426233222198488
44,71,-0.14098241566754585,-0.15204487069159395,-0.14098241566754585
44,71,1.0166344920308563,1.5876141369974652,1.0166344920308563
44,71,0.009198301328104026,0.0,0.009198301328104026
44,76,-0.1746029410510902,-0.17986391116958847,-0.1746029410510902
44,76,-0.19164576252706028,-0.16917389786231415,-0.19164576252706028
44,76,-0.19713705994377984,-0.2097459366717938,-0.19713705994377984
44,76,-0.19499053533762004,-0.23300140421744314,-0.19499053533762004
44,76,-0.18989592833720864,-0.19449235043217433,-0.18989592833720864
44,76,-0.25282004009059234,-0.24825499045706262,-0.25282004009059234
44,76,-0.18482212727620217,-0.23087590449552897,-0.18482212727620217
44,76,-0.21277873421586677,-0.19930598215533293,-0.21277873421586677
44,76,-0.21585028322906702,-0.20561996662337215,-0.21585028322906702
44,76,-0.18983940830401325,-0.1557332378560921,-0.18983940830401325
44,76,-0.16494910780069943,-0.1768006909821239,-0.16494910780069943
44,76,0.8682413350761287,1.2799793095992382,0.8682413350761287
44,76,0.002163453481296383,0.0,0.002163453481296383
44,79,-0.18011077955693003,-0.18592783684681424,-0.18011077955693003
44,79,-0.20908628370816248,-0.19855580578289264,-0.20908628370816248
44,79,-0.2011221492554572,-0.2377525212428984,-0.2011221492554572
44,79,-0.2374305904270745,-0.26069541530003093,-0.2374305904270745
44,79,-0.22153722044733556,-0.21268412746385165,-0.22153722044733556
44,79,-0.2722489854356942,-0.2595701507413705,-0.2722489854356942
44,79,-0.20113430007823715,-0.24625452013055515,-0.20113430007823715
44,79,-0.2219827971516412,-0.2124340686730382,-0.2219827971516412
44,79,-0.21843283976079111,-0.21656003872145987,-0.21843283976079111
44,79,-0.18852658673370862,-0.2056824813210755,-0.18852658673370862
44,79,-0.19450874384704583,-0.20899576029935352,-0.19450874384704583
44,79,0.7282548583255378,0.9105174461723898,0.7282548583255378
44,79,0.003323789545082312,0.0,0.003323789545082312
44,88,-0.10806112131262291,-0.08309115912478957,-0.10806112131262291
44,88,-0.10215662910067473,-0.09059292284919258,-0.10215662910067473
44,88,-0.11342616579041154,-0.17961385237877503,-0.11342616579041154
44,88,-0.1736410073750626,-0.24550434375811483,-0.1736410073750626
44,88,-0.17493140999247145,-0.13297788789206963,-0.17493140999247145
44,88,-0.2367112909772082,-0.22893794886672486,-0.2367112909772082
44,88,-0.11973296129677675,-0.19555510029313145,-0.11973296129677675
44,88,-0.15207542270030683,-0.14448059226948756,-0.15207542270030683
44,88,-0.1788748357501767,-0.15029445915589992,-0.1788748357501767
44,88,-0.1373139626551067,-0.08446648247426346,-0.1373139626551067
44,88,-0.08800284205432451,-0.11053511141656393,-0.08800284205432451
44,88,1.247017115600245,1.9493866926068006,1.247017115600245
44,88,0.009607885279162218,0.0,0.009607885279162218
44,89,-0.28166243164257126,-0.29920446908529974,-0.28166243164257126
44,89,-0.2893945542681389,-0.3005797924347737,-0.2893945542681389
44,89,-0.2967105710891627,-0.30283032155209455,-0.2967105710891627
44,89,-0.2919960824775894,-0.30489330657630537,-0.2919960824775894
44,89,-0.2924554610865554,-0.30220517457506096,-0.2924554610865554
44,89,-0.3014907029164629,-0.3035179832268315,-0.3014907029164629
44,89,-0.2885889094214821,-0.30333043913372143,-0.2885889094214821
44,89,-0.2963595575025088,-0.3018926010865442,-0.2963595575025088
44,89,-0.2928941222411455,-0.3017050569934341,-0.2928941222411455
44,89,-0.29165110212784917,-0.3005172777370703,-0.29165110212784917
44,89,-0.2923356321419258,-0.30101739531869715,-0.2923356321419258
44,89,-0.21217943774595793,-0.23393912468299352,-0.21217943774595793
44,89,0.0014176500175138189,0.0,0.0014176500175138189
44,95,-0.07764780553197782,0.019370430411014952,-0.07764780553197782
44,95,-0.05484659202337007,-0.0077609483922426205,-0.05484659202337007
44,95,-0.02632009240669676,-0.15779622288030293,-0.02632009240669676
44,95,-0.08736771840753065,-0.20593254011188894,-0.08736771840753065
44,95,-0.13990774845835893,-0.09190573150096311,-0.13990774845835893
44,95,-0.1787810217942158,-0.19417977694365754,-0.1787810217942158
44,95,-0.11159104603114349,-0.16223476641724138,-0.11159104603114349
44,95,-0.1386529745158451,-0.09053040815148922,-0.1386529745158451
44,95,-0.1312212529498395,-0.04652006096832487,-0.1312212529498395
44,95,-0.08294882126235627,0.0036167265897686196,-0.08294882126235627
44,95,-0.006852756136216157,-0.014324991651095258,-0.006852756136216157
44,95,2.4803239159607444,2.74438610330041,2.4803239159607444
44,95,0.02525631986082399,0.0,0.02525631986082399
44,102,-0.1492134097567044,-0.17354992670154926,-0.1492134097567044
44,102,-0.1899257142941156,-0.16279739869657162,-0.1899257142941156
44,102,-0.1863094139923927,-0.21524723006968935,-0.1863094139923927
44,102,-0.19601500399363928,-0.2526935339940011,-0.19601500399363928
44,102,-0.20459111694598328,-0.19105404205848964,-0.20459111694598328
44,102,-0.26070105606699373,-0.2559442982745757,-0.26070105606699373
44,102,-0.164471266003331,-0.22549964049304014,-0.164471266003331
44,102,-0.2155553617013108,-0.19855580578289264,-0.2155553617013108
44,102,-0.21792761230350952,-0.2053699078325587,-0.21792761230350952
44,102,-0.19404464668157087,-0.17711326447064069,-0.19404464668157087
44,102,-0.18082991627397055,-0.18549023396289072,-0.18082991627397055
44,102,0.7670523492175747,1.241032652930046,0.7670523492175747
44,102,0.00528534776111354,0.0,0.00528534776111354
44,117,-0.28368505745266026,-0.29976710136463,-0.28368505745266026
44,117,-0.29692385192941767,-0.29989213076003673,-0.29692385192941767
44,117,-0.292493507059437,-0.303080380342908,-0.292493507059437
44,117,-0.2927435472150066,-0.30439318899467854,-0.2927435472150066
44,117,-0.29200218428846797,-0.30195511578424755,-0.29200218428846797
44,117,-0.29969683636029215,-0.3059560564372625,-0.29969683636029215
44,117,-0.2922381845235982,-0.3027678068543912,-0.2922381845235982
44,117,-0.3016458484232145,-0.3015800275980274,-0.3016458484232145
44,117,-0.3043299079338598,-0.30220517457506096,-0.3043299079338598
44,117,-0.305091664811711,-0.29832926331745274,-0.305091664811711
44,117,-0.29373867733498893,-0.30120493941180726,-0.29373867733498893
44,117,-0.22447236120797154,-0.22387425835275282,-0.22447236120797154
44,117,-0.0024123100017879886,0.0,-0.0024123100017879886
44,134,-0.088735117821656,-0.06064838264928388,-0.088735117821656
44,134,-0.07657712811742284,-0.08777976145254145,-0.07657712811742284
44,134,-0.114046326863125,-0.140542166314176,-0.114046326863125
44,134,-0.1517359814572846,-0.18917860112738888,-0.1517359814572846
44,134,-0.12549893744513727,-0.09947000992306948,-0.12549893744513727
44,134,-0.22363977608990335,-0.18955368931360903,-0.22363977608990335
44,134,-0.08818620963713293,-0.17311232381762576,-0.08818620963713293
44,134,-0.14016714856921134,-0.12903946193675803,-0.14016714856921134
44,134,-0.13190938307366254,-0.10172053904039038,-0.13190938307366254
44,134,-0.1223813084186281,-0.08115320349598545,-0.1223813084186281
44,134,-0.08712957082157036,-0.06346154404593501,-0.08712957082157036
44,134,1.8521174420885982,2.54558936460373,1.8521174420885982
44,134,-0.0007620476188038665,0.0,-0.0007620476188038665
44,145,-0.1704078667254445,-0.1343532112415435,-0.1704078667254445
44,145,-0.16143159610569555,-0.14529328333963124,-0.16143159610569555
44,145,-0.1666548849214206,-0.21343430383629194,-0.1666548849214206
44,145,-0.20052545529942095,-0.23794006533600848,-0.20052545529942095
44,145,-0.19648256758070876,-0.19899340866681614,-0.19648256758070876
44,145,-0.25332746812169543,-0.24600446133974171,-0.25332746812169543
44,145,-0.1826844417687056,-0.23562702152098422,-0.1826844417687056
44,145,-0.22106604626905021,-0.1808641463328422,-0.22106604626905021
44,145,-0.21763332177640787,-0.19568012968853815,-0.21763332177640787
44,145,-0.19728480267923437,-0.1497318268765697,-0.19728480267923437
44,145,-0.15094575937167928,-0.1642977514414522,-0.15094575937167928
44,145,1.0266009818275195,1.3674998863839403,1.0266009818275195
44,145,0.0012354420843064496,0.0,0.0012354420843064496
44,147,-0.29851206594637075,-0.30745640918214306,-0.29851206594637075
44,147,-0.29081219067422653,-0.307268865089033,-0.29081219067422653
44,147,-0.2892486935165637,-0.3075814385775498,-0.2892486935165637
44,147,-0.29612095944385314,-0.3075814385775498,-0.29612095944385314
44,147,-0.29387834881811764,-0.30733137978673636,-0.29387834881811764
44,147,-0.3051157028042598,-0.3075814385775498,-0.3051157028042598
44,147,-0.29453812536724844,-0.3075189238798464,-0.29453812536724844
44,147,-0.30028256815578563,-0.307268865089033,-0.30028256815578563
44,147,-0.30165380556397975,-0.3073938944844397,-0.30165380556397975
44,147,-0.2974952851055092,-0.3075189238798464,-0.2974952851055092
44,147,-0.29861478398085434,-0.30745640918214306,-0.29861478398085434
44,147,-0.2942337451159206,-0.29951704257381656,-0.2942337451159206
44,147,0.006863993002037764,0.0,0.006863993002037764
44,148,-0.1312464329517028,-0.05139620738918683,-0.1312464329517028
44,148,-0.09263831689716008,-0.1021581419243139,-0.09263831689716008
44,148,-0.08162209770906723,-0.18930363052279559,-0.08162209770906723
44,148,-0.17837900224961473,-0.21299670095236845,-0.17837900224961473
44,148,-0.13451222027080076,-0.1402295928256592,-0.13451222027080076
44,148,-0.23013393491437406,-0.21737272979160355,-0.23013393491437406
44,148,-0.1440809985489259,-0.19392971815284413,-0.1440809985489259
44,148,-0.15073032960255486,-0.13685379914967785,-0.15073032960255486
44,148,-0.18013781813547527,-0.16604816297714625,-0.18013781813547527
44,148,-0.14496915869374125,-0.1077219500199128,-0.14496915869374125
44,148,-0.1218039039489862,-0.1132857581155117,-0.1218039039489862
44,148,1.193137308826242,1.998773303792454,1.193137308826242
44,148,-0.003059726373903825,0.0,-0.003059726373903825
44,165,-0.18142190633396363,-0.20205662885428072,-0.18142190633396363
44,165,-0.21594577735336817,-0.1984932910851893,-0.21594577735336817
44,165,-0.21257449198621384,-0.2463170348282585,-0.21257449198621384
44,165,-0.22995810990348778,-0.2664467674887399,-0.22995810990348778
44,165,-0.22273080329339007,-0.22124864104921177,-0.22273080329339007
44,165,-0.27538997645784097,-0.2743236193993631,-0.27538997645784097
44,165,-0.21907735939122644,-0.23831515352222862,-0.21907735939122644
44,165,-0.24409424138509003,-0.21143383350978448,-0.24409424138509003
44,165,-0.22433500865946432,-0.22968812523916515,-0.22433500865946432
44,165,-0.21671572498862576,-0.19680539424719862,-0.21671572498862576
44,165,-0.19215063873037463,-0.20912078969476022,-0.19215063873037463
44,165,0.5917224392516821,0.8466274251195575,0.5917224392516821
44,165,-0.0003775197633606999,0.0,-0.0003775197633606999
44,166,0.0061758900951531534,0.0,0.0061758900951531534
44,187,-0.2302149606660286,-0.23087590449552897,-0.2302149606660286
44,187,-0.2386308007947102,-0.2318761396587827,-0.2386308007947102
44,187,-0.24566445439325826,-0.2560693276699824,-0.24566445439325826
44,187,-0.25326257940146557,-0.2701351346532381,-0.25326257940146557
44,187,-0.2557302546057061,-0.24562937315352157,-0.2557302546057061
44,187,-0.2796985744327025,-0.274136075306253,-0.2796985744327025
44,187,-0.23746083195822593,-0.2588824890666336,-0.23746083195822593
44,187,-0.25463728713469547,-0.24769235817773239,-0.25463728713469547
44,187,-0.25018357488389403,-0.24381644692012416,-0.25018357488389403
44,187,-0.2441054122190396,-0.2440665057109376,-0.2441054122190396
44,187,-0.23830038785133476,-0.24056568263954953,-0.23830038785133476
44,187,0.3925061047324892,0.5759387840640153,0.3925061047324892
44,187,0.00010351749079255131,0.0,0.00010351749079255131
44,221,-0.1202047692113397,-0.15279504706403424,-0.1202047692113397
44,221,-0.13704404904446627,-0.1591715462297768,-0.13704404904446627
44,221,-0.15245063608660264,-0.20637014299581244,-0.15245063608660264
44,221,-0.19350232485202967,-0.2291880076575383,-0.19350232485202967
44,221,-0.17187793023040435,-0.15535814966987194,-0.17187793023040435
44,221,-0.23152839074376805,-0.2225614497009823,-0.23152839074376805
44,221,-0.13469807802372524,-0.2154972888605028,-0.13469807802372524
44,221,-0.1852442659214558,-0.1614220753470977,-0.1852442659214558
44,221,-0.18648153957611094,-0.15473300269283835,-0.18648153957611094
44,221,-0.13654364973733524,-0.1442930481763775,-0.13654364973733524
44,221,-0.14035043756264873,-0.16267236930116488,-0.14035043756264873
44,221,1.1693049605262265,1.5539812296330584,1.1693049605262265
44,221,0.008300215932011195,0.0,0.008300215932011195
44,272,-0.1810991564209638,-0.21587237704672294,-0.1810991564209638
44,272,-0.21769493922138658,-0.22387425835275282,-0.21769493922138658
44,272,-0.20973688955430445,-0.25588178357687236,-0.20973688955430445
44,272,-0.2410381582981293,-0.2802000009834788,-0.2410381582981293
44,272,-0.2471201797950734,-0.2466296083167753,-0.2471201797950734
44,272,-0.28852959940018585,-0.2680096349313239,-0.28852959940018585
44,272,-0.23039589422587578,-0.2531311368779246,-0.23039589422587578
44,272,-0.2555160069861409,-0.23062584570471553,-0.2555160069861409
44,272,-0.2460243101724093,-0.2377525212428984,-0.2460243101724093
44,272,-0.23427333554448576,-0.2153097447673927,-0.23427333554448576
44,272,-0.22750261507704045,-0.21587237704672294,-0.22750261507704045
44,272,0.5805319222853005,0.667772874990249,0.5805319222853005
44,272,-0.0037173280400582764,0.0,-0.0037173280400582764
44,273,-0.18689687148820333,-0.22131115574691512,-0.18689687148820333
44,273,-0.22910702534194635,-0.22199881742165206,-0.22910702534194635
44,273,-0.2219818373877346,-0.24894265213179956,-0.2219818373877346
44,273,-0.2410472050524086,-0.27257320786366906,-0.2410472050524086
44,273,-0.23471069528445454,-0.22818777249428454,-0.23471069528445454
44,273,-0.28448789664567875,-0.2688848406991709,-0.28448789664567875
44,273,-0.2250432346877864,-0.2537562838549582,-0.2250432346877864
44,273,-0.2347518825618825,-0.22324911137571923,-0.2347518825618825
44,273,-0.2253812512648679,-0.23862772701074542,-0.2253812512648679
44,273,-0.21353427050544108,-0.20999599546260725,-0.21353427050544108
44,273,-0.22291550787641357,-0.2073703781590662,-0.22291550787641357
44,273,0.6150737963868161,0.8036798277973503,0.6150737963868161
44,273,-0.0006322215733386373,0.0,-0.0006322215733386373
44,274,-0.16907766465865073,-0.1915541596401165,-0.16907766465865073
44,274,-0.2027394052318502,-0.198618320480596,-0.2027394052318502
44,274,-0.2073084515709302,-0.2269374785402174,-0.2073084515709302
44,274,-0.23309858274743378,-0.25406885734347495,-0.23309858274743378
44,274,-0.2137724891923829,-0.2044947020647117,-0.2137724891923829
44,274,-0.264565828903077,-0.2550690925067287,-0.264565828903077
44,274,-0.19198054034103332,-0.2351894186370607,-0.19198054034103332
44,274,-0.2237766300486275,-0.19661785015408853,-0.2237766300486275
44,274,-0.2226595228179642,-0.2198733176997379,-0.2226595228179642
44,274,-0.20444763917785885,-0.19042889508145605,-0.20444763917785885
44,274,-0.208432600820014,-0.2049323049486352,-0.208432600820014
44,274,0.6011938655214147,0.990598773930392,0.6011938655214147
44,274,-0.0009635882909813612,0.0,-0.0009635882909813612
44,277,-0.21420388300977608,-0.19242936540796352,-0.21420388300977608
44,277,-0.21923553819472827,-0.20405709918078818,-0.21923553819472827
44,277,-0.20551185120677065,-0.2371273742658648,-0.20551185120677065
44,277,-0.23506415064651912,-0.2604453565092175,-0.23506415064651912
44,277,-0.23818229381785633,-0.2348768451485439,-0.23818229381785633
44,277,-0.27533857360768743,-0.2661967086979265,-0.27533857360768743
44,277,-0.2342352152520519,-0.2577572245079731,-0.2342352152520519
44,277,-0.24735074987207095,-0.21405945081332553,-0.24735074987207095
44,277,-0.2337259600258258,-0.2221238468170588,-0.2337259600258258
44,277,-0.21991689017750365,-0.19836826168978255,-0.21991689017750365
44,277,-0.2013892806100595,-0.2029943493198311,-0.2013892806100595
44,277,0.5145477705455865,0.8314363535776413,0.5145477705455865
44,277,-0.00620454295510326,0.0,-0.00620454295510326
44,280,-0.13120196686871785,-0.16017178139303054,-0.13120196686871785
44,280,-0.16537212809100124,-0.15585826725149882,-0.16537212809100124
44,280,-0.16201385465307605,-0.2241868318412696,-0.16201385465307605
44,280,-0.20644104633710264,-0.2446916526879712,-0.20644104633710264
44,280,-0.19007984501697825,-0.1948674386183945,-0.19007984501697825
44,280,-0.2657263801623848,-0.24863007864328276,-0.2657263801623848
44,280,-0.17482966007837752,-0.2311259632863424,-0.17482966007837752
44,280,-0.21167823508146272,-0.18892854233657544,-0.21167823508146272
44,280,-0.2067784707382697,-0.22124864104921177,-0.2067784707382697
44,280,-0.18194999040946938,-0.16529798660470593,-0.18194999040946938
44,280,-0.18240548720349256,-0.17717577916834404,-0.18240548720349256
44,280,0.8412555509603848,1.1672027949423796,0.8412555509603848
44,280,0.00532794826457734,0.0,0.00532794826457734
44,283,-0.1780735528569372,-0.16273488399886823,-0.1780735528569372
44,283,-0.1773212910973353,-0.1841774253111202,-0.1773212910973353
44,283,-0.18330923834843518,-0.2270625079356241,-0.18330923834843518
44,283,-0.21698998313450732,-0.25525663659983877,-0.21698998313450732
44,283,-0.2174104085061228,-0.197743114712749,-0.2174104085061228
44,283,-0.26771992128700534,-0.23856521231304206,-0.26771992128700534
44,283,-0.1883347545059576,-0.2576321951125664,-0.1883347545059576
44,283,-0.21134521066549383,-0.18849093945265194,-0.21134521066549383
44,283,-0.22724627529416622,-0.21874805314107743,-0.22724627529416622
44,283,-0.19488545823594897,-0.1764881174936071,-0.19488545823594897
44,283,-0.18383415701881847,-0.177863440843081,-0.18383415701881847
44,283,0.7643723410815251,1.1720164266655382,0.7643723410815251
44,283,0.004583584712969733,0.0,0.004583584712969733
44,298,-0.20242134016435595,-0.2053699078325587,-0.20242134016435595
44,298,-0.1974480874099685,-0.21849799435026399,-0.1974480874099685
44,298,-0.20741878395575603,-0.25688201874012606,-0.20741878395575603
44,298,-0.23778630390308153,-0.25769470981026976,-0.23778630390308153
44,298,-0.22917091845306892,-0.21168389230059792,-0.22917091845306892
44,298,-0.26171178405228157,-0.25950763604366717,-0.26171178405228157
44,298,-0.19978110047374373,-0.25494406311132195,-0.19978110047374373
44,298,-0.21671185306649335,-0.2341266687761036,-0.21671185306649335
44,298,-0.23366812966061612,-0.24069071203495623,-0.23366812966061612
44,298,-0.2270313407896248,-0.2076204369498796,-0.2270313407896248
44,298,-0.22005803860558393,-0.21912314132729757,-0.22005803860558393
44,298,0.6106951029200637,0.7612948627544732,0.6106951029200637
44,298,0.008340565103546261,0.0,0.008340565103546261
44,299,0.0038838800620804915,0.0,0.0038838800620804915
44,301,-0.11463956786636972,-0.11853699272259381,-0.11463956786636972
44,301,-0.11479156822429899,-0.11934968379273747,-0.11479156822429899
44,301,-0.10623280206123371,-0.1927419388964803,-0.10623280206123371
44,301,-0.17708031443377167,-0.20987096606720052,-0.17708031443377167
44,301,-0.15053429396346119,-0.12528858007455654,-0.15053429396346119
44,301,-0.21469138925782597,-0.20405709918078818,-0.21469138925782597
44,301,-0.11237618460272455,-0.20368201099456804,-0.11237618460272455
44,301,-0.14406907903021393,-0.1387292400807786,-0.14406907903021393
44,301,-0.17084265135796328,-0.1402295928256592,-0.17084265135796328
44,301,-0.12504152078758934,-0.08871748191809183,-0.12504152078758934
44,301,-0.10300067155037396,-0.11828693393178039,-0.10300067155037396
44,301,1.5161017872138898,1.9626398085199128,1.5161017872138898
44,301,0.0029060814614771833,0.0,0.0029060814614771833
44,302,-0.09272618012334147,-0.12753910919187744,-0.09272618012334147
44,302,-0.1315238000385439,-0.1468561507822152,-0.1315238000385439
44,302,-0.14732672776963546,-0.19417977694365754,-0.14732672776963546
44,302,-0.1856970402574675,-0.23162608086796926,-0.1856970402574675
44,302,-0.1725475136521342,-0.15742113469408278,-0.1725475136521342
44,302,-0.23391775797642964,-0.22618730216777708,-0.23391775797642964
44,302,-0.14513668252316023,-0.19199176252404002,-0.14513668252316023
44,302,-0.18127795058175802,-0.15216990008700065,-0.18127795058175802
44,302,-0.1671572653764198,-0.17767589674997092,-0.1671572653764198
44,302,-0.14158305697550772,-0.13554099049790733,-0.14158305697550772
44,302,-0.15705115768405903,-0.1545454585997283,-0.15705115768405903
44,302,1.2450446674853703,1.5761739473177507,1.2450446674853703
44,302,0.011237461026307124,0.0,0.011237461026307124
44,309,-0.0948100040158102,-0.13185262333340916,-0.0948100040158102
44,309,-0.1383568004057173,-0.13929187236010881,-0.1383568004057173
44,309,-0.15079929566637126,-0.20712031936825276,-0.15079929566637126
44,309,-0.18886574541789145,-0.22293653788720244,-0.18886574541789145
44,309,-0.16002922233558528,-0.14529328333963124,-0.16002922233558528
44,309,-0.2437238113132356,-0.22937555175064836,-0.2437238113132356
44,309,-0.144589923746436,-0.20149399657495048,-0.144589923746436
44,309,-0.1677542711415461,-0.15642089953082905,-0.1677542711415461
44,309,-0.15099434356222688,-0.16967401544394103,-0.15099434356222688
44,309,-0.14342083375222886,-0.1327278291012562,-0.14342083375222886
44,309,-0.12486806553267056,-0.14435556287408086,-0.12486806553267056
44,309,1.015812012193297,1.7432757342788279,1.015812012193297
44,309,0.0017092610954332968,0.0,0.0017092610954332968
44,314,-0.09026921068498628,-0.09540655457235118,-0.09026921068498628
44,314,-0.11103360321445635,-0.09846977475981575,-0.11103360321445635
44,314,-0.12771945846154406,-0.17323735321303246,-0.12771945846154406
44,314,-0.1551571983614538,-0.19417977694365754,-0.1551571983614538
44,314,-0.14293623930273544,-0.08302864442708621,-0.14293623930273544
44,314,-0.20053746303139636,-0.17242466214288882,-0.20053746303139636
44,314,-0.08415986749147818,-0.17998894056499518,-0.08415986749147818
44,314,-0.09728159419645191,-0.11347330220862178,-0.09728159419645191
44,314,-0.14144903262203942,-0.13291537319436625,-0.14144903262203942
44,314,-0.11732834170495533,-0.09578164275857133,-0.11732834170495533
44,314,-0.09712548145587618,-0.11034756732345385,-0.09712548145587618
44,314,1.7646338451098713,2.0294055056670994,1.7646338451098713
44,314,-7.372279500338522e-05,0.0,-7.372279500338522e-05
44,325,-0.23606042730880777,-0.24800493166624918,-0.23606042730880777
44,325,-0.2540951007411751,-0.2520683870169675,-0.2540951007411751
44,325,-0.2565653729276338,-0.2670719144657735,-0.2565653729276338
44,325,-0.2662747040547961,-0.2788246776340049,-0.2662747040547961
44,325,-0.2621116430664344,-0.25031797548127344,-0.2621116430664344
44,325,-0.28191913181062445,-0.28732667652166166,-0.28191913181062445
44,325,-0.25349051128883143,-0.2717605167935254,-0.25349051128883143
44,325,-0.2709666819512899,-0.2538813132503649,-0.2709666819512899
44,325,-0.25458085055150426,-0.2631960032081653,-0.25458085055150426
44,325,-0.2542913331295706,-0.24519177026959804,-0.2542913331295706
44,325,-0.24905569347748793,-0.2393779033831857,-0.24905569347748793
44,325,0.34891854846940495,0.4470334773996902,0.34891854846940495
44,325,0.0012921575453738554,0.0,0.0012921575453738554
44,329,-0.2408609916536821,-0.2180603914663405,-0.2408609916536821
44,329,-0.20749230025650264,-0.23543947742787413,-0.20749230025650264
44,329,-0.24314847983864207,-0.2627584003242418,-0.24314847983864207
44,329,-0.2572548500400147,-0.27626157502816723,-0.2572548500400147
44,329,-0.2572164809358479,-0.24800493166624918,-0.2572164809358479
44,329,-0.2785840112073082,-0.2820129272168762,-0.2785840112073082
44,329,-0.24934657976062394,-0.27344841363151606,-0.24934657976062394
44,329,-0.26027309548008704,-0.25225593111007755,-0.26027309548008704
44,329,-0.26078778624468113,-0.2540063426457716,-0.26078778624468113
44,329,-0.25518809624326955,-0.2296256105414618,-0.25518809624326955
44,329,-0.24270321070776368,-0.2433163293384973,-0.24270321070776368
44,329,0.4194174342727937,0.5766264457387523,0.4194174342727937
44,329,0.002174797700136701,0.0,0.002174797700136701
44,332,-0.09220685362951059,-0.057585162461819314,-0.09220685362951059
44,332,-0.08254773848415577,-0.08040302712354515,-0.08254773848415577
44,332,-0.1085453762532919,-0.16148459004480106,-0.1085453762532919
44,332,-0.15556661052915038,-0.19030386568604932,-0.15556661052915038
44,332,-0.1324338667728585,-0.1077219500199128,-0.1324338667728585
44,332,-0.1888985085649434,-0.1826770725662396,-0.1888985085649434
44,332,-0.10170629162092748,-0.17567542642346345,-0.10170629162092748
44,332,-0.16485684890698096,-0.11784933104785687,-0.16485684890698096
44,332,-0.13814966927395594,-0.12991466770460505,-0.13814966927395594
44,332,-0.1242205260359828,-0.06358657344134172,-0.1242205260359828
44,332,-0.07433855182989017,-0.054584456972058104,-0.07433855182989017
44,332,1.9902379008950457,2.599101945837805,1.9902379008950457
44,332,0.00887018935097176,0.0,0.00887018935097176
44,337,-0.19418856874113088,-0.20361949629686468,-0.19418856874113088
44,337,-0.21354013975635514,-0.23181362496107935,-0.21354013975635514
44,337,-0.23026466571229273,-0.2520683870169675,-0.23026466571229273
44,337,-0.25224985513843096,-0.27501128107410006,-0.25224985513843096
44,337,-0.25161966656786217,-0.23000069872768195,-0.25161966656786217
44,337,-0.29944462654804926,-0.2755739133534303,-0.29944462654804926
44,337,-0.2395388898469627,-0.2472547552938089,-0.2395388898469627
44,337,-0.25224787667489784,-0.222686479096389,-0.25224787667489784
44,337,-0.23484382187836195,-0.24431656450175104,-0.23484382187836195
44,337,-0.22373499612522257,-0.2121840098822248,-0.22373499612522257
44,337,-0.22102220992639038,-0.20912078969476022,-0.22102220992639038
44,337,0.5569893498855573,0.6080088239858382,0.5569893498855573
44,337,-0.0036108015057844216,0.0,-0.0036108015057844216
44,370,-0.18835086455372932,-0.21568483295361285,-0.18835086455372932
44,370,-0.21614623111072181,-0.22199881742165206,-0.21614623111072181
44,370,-0.21623781669889583,-0.25394382794806825,-0.21623781669889583
44,370,-0.2389293358657421,-0.2744486487947698,-0.2389293358657421
44,370,-0.24216639900818868,-0.24531679966500478,-0.24216639900818868
44,370,-0.2709055935279183,-0.27601151623735376,-0.2709055935279183
44,370,-0.23762186381315745,-0.25944512134596376,-0.23762186381315745
44,370,-0.25546396092083073,-0.23325146300825658,-0.25546396092083073
44,370,-0.25441289174933507,-0.24387896161782752,-0.25441289174933507
44,370,-0.2355805713532613,-0.21687261220997667,-0.2355805713532613
44,370,-0.22304573528834173,-0.2291880076575383,-0.22304573528834173
44,370,0.4942250540018501,0.5971312665854539,0.4942250540018501
44,370,-0.0002180316525930679,0.0,-0.0002180316525930679
44,386,-0.09868315217433793,-0.048958134178755844,-0.09868315217433793
44,386,-0.08939213247210376,-0.07546436600497983,-0.08939213247210376
44,386,-0.0933430043787586,-0.14241760724527674,-0.0933430043787586
44,386,-0.13133025990741012,-0.20455721676241506,-0.13133025990741012
44,386,-0.1189681266899552,-0.09909492173684933,-0.1189681266899552
44,386,-0.22065387868315584,-0.2058700254141856,-0.22065387868315584
44,386,-0.10935813462556244,-0.14154240147742972,-0.10935813462556244
44,386,-0.12436602911367904,-0.08940514359282876,-0.12436602911367904
44,386,-0.12476159307987222,-0.11359833160402849,-0.12476159307987222
44,386,-0.0759576370853052,-0.05921054460210663,-0.0759576370853052
44,386,-0.08252205479837385,-0.07771489512230075,-0.08252205479837385
44,386,1.7050000284009663,2.409369838308112,1.7050000284009663
44,386,0.002057176920155263,0.0,0.002057176920155263
44,392,-0.16213817519455312,-0.157108561205566,-0.16213817519455312
44,392,-0.16193622426649135,-0.1781760143315978,-0.16193622426649135
44,392,-0.17530144743926288,-0.22531209639993008,-0.17530144743926288
44,392,-0.2149298012694981,-0.24337884403620066,-0.2149298012694981
44,392,-0.19777949130658845,-0.18223946968231608,-0.19777949130658845
44,392,-0.2683784729444566,-0.25600681297227906,-0.2683784729444566
44,392,-0.15434109246965147,-0.2237492289573461,-0.15434109246965147
44,392,-0.20818162307735433,-0.17523782353953993,-0.20818162307735433
44,392,-0.20309962585776145,-0.20111890838873034,-0.20309962585776145
44,392,-0.1673317732550968,-0.15673347301934584,-0.1673317732550968
44,392,-0.16464104426555312,-0.17042419181638133,-0.16464104426555312
44,392,0.8653086162708065,1.3019844831908205,0.8653086162708065
44,392,0.00580383279855598,0.0,0.00580383279855598
44,403,-0.2986188435442711,-0.30745640918214306,-0.2986188435442711
44,403,-0.3099505097861663,-0.30733137978673636,-0.3099505097861663
44,403,-0.287842025019779,-0.3076439532752532,-0.287842025019779
44,403,-0.29622505434700863,-0.3077689826706599,-0.29622505434700863
44,403,-0.3038992875595692,-0.307268865089033,-0.3038992875595692
44,403,-0.3057248684850348,-0.3077689826706599,-0.3057248684850348
44,403,-0.3047758646385062,-0.30745640918214306,-0.3047758646385062
44,403,-0.3120087985661994,-0.30733137978673636,-0.3120087985661994
44,403,-0.30069048154910893,-0.30733137978673636,-0.30069048154910893
44,403,-0.2985825080004745,-0.30745640918214306,-0.2985825080004745
44,403,-0.2989207750784784,-0.307268865089033,-0.2989207750784784
44,403,-0.29266193264992874,-0.30176757169113744,-0.29266193264992874
44,403,0.008399494780338078,0.0,0.008399494780338078
44,426,-0.22001140463486887,-0.21912314132729757,-0.22001140463486887
44,426,-0.23525076986278423,-0.2198108030020345,-0.23525076986278423
44,426,-0.23103301598566287,-0.25331868097103466,-0.23103301598566287
44,426,-0.2513100705663909,-0.2656965911162996,-0.2513100705663909
44,426,-0.22933280624307364,-0.2396904768717025,-0.22933280624307364
44,426,-0.26654045362060214,-0.2740110459108463,-0.26654045362060214
44,426,-0.22612004481212947,-0.2574446510194563,-0.22612004481212947
44,426,-0.25628929044982945,-0.23862772701074542,-0.25628929044982945
44,426,-0.24145309706684304,-0.25163078413304396,-0.24145309706684304
44,426,-0.2412956658869371,-0.21906062662959422,-0.2412956658869371
44,426,-0.24087887202215083,-0.22306156728260915,-0.24087887202215083
44,426,0.44386011316382995,0.7179096625483424,0.44386011316382995
44,426,-0.003356039165534462,0.0,-0.003356039165534462
44,429,-0.17249680611537313,-0.22474946412059985,-0.17249680611537313
44,429,-0.23751927382008095,-0.2241868318412696,-0.23751927382008095
44,429,-0.23365213558173212,-0.2493177403180197,-0.23365213558173212
44,429,-0.25800647168737284,-0.2695099876762045,-0.25800647168737284
44,429,-0.2421198109379366,-0.23237625724040958,-0.2421198109379366
44,429,-0.2849939495193307,-0.27257320786366906,-0.2849939495193307
44,429,-0.23335465649272746,-0.25638190115849924,-0.23335465649272746
44,429,-0.25432390517880815,-0.2299381840299786,-0.25432390517880815
44,429,-0.2465613082213429,-0.2499428872950533,-0.2465613082213429
44,429,-0.23731196448965025,-0.22618730216777708,-0.23731196448965025
44,429,-0.23350793687926805,-0.22618730216777708,-0.23350793687926805
44,429,0.4655589277357418,0.6495810979585716,0.4655589277357418
44,429,0.00167678918787082,0.0,0.00167678918787082
44,430,-0.08124430733381782,-0.0910305257331161,-0.08124430733381782
44,430,-0.09546455313183597,-0.09096801103541273,-0.09546455313183597
44,430,-0.11000000552639798,-0.1733623826084392,-0.11000000552639798
44,430,-0.16939432825767195,-0.20830809862461655,-0.16939432825767195
44,430,-0.13200120159347933,-0.10853464109005646,-0.13200120159347933
44,430,-0.22316140004141816,-0.19874334987600273,-0.22316140004141816
44,430,-0.10533253277685657,-0.18455251349734034,-0.10533253277685657
44,430,-0.14154687199879024,-0.1191621396996274,-0.14154687199879024
44,430,-0.15586774142164458,-0.14616848910747826,-0.15586774142164458
44,430,-0.11213343474781927,-0.08959268768593885,-0.11213343474781927
44,430,-0.08454808513388047,-0.09878234824833254,-0.08454808513388047
44,430,1.6336676272836421,2.231703067435167,1.6336676272836421
44,430,0.00557376972804079,0.0,0.00557376972804079
44,444,-0.22149891405867583,-0.19586767378164824,-0.22149891405867583
44,444,-0.21584423472510772,-0.2177478179778237,-0.21584423472510772
44,444,-0.1894690697598797,-0.2420035206867268,-0.1894690697598797
44,444,-0.2402216021429155,-0.2731358401429993,-0.2402216021429155
44,444,-0.23853816664137945,-0.23650222728883122,-0.23853816664137945
44,444,-0.28531192738940053,-0.25688201874012606,-0.28531192738940053
44,444,-0.2240202505123485,-0.24894265213179956,-0.2240202505123485
44,444,-0.23980783675822942,-0.22274899379409238,-0.23980783675822942
44,444,-0.22453936789390386,-0.23787755063830512,-0.22453936789390386
44,444,-0.22757844938621666,-0.20205662885428072,-0.22757844938621666
44,444,-0.2139364564700724,-0.20987096606720052,-0.2139364564700724
44,444,0.5865785497208109,0.7307876902752343,0.5865785497208109
44,444,0.0014416455460698448,0.0,0.0014416455460698448
44,448,-0.16984180904631418,-0.19586767378164824,-0.16984180904631418
44,448,-0.20991287955374532,-0.20593254011188894,-0.20991287955374532
44,448,-0.1984837227189176,-0.23500187454395063,-0.1984837227189176
44,448,-0.2370808371627133,-0.261570621067878,-0.2370808371627133
44,448,-0.22792813779927634,-0.21630997993064643,-0.22792813779927634
44,448,-0.2586544706630566,-0.26357109139438545,-0.2586544706630566
44,448,-0.2137296006101019,-0.23587708031179763,-0.2137296006101019
44,448,-0.2359801972175538,-0.21255909806844495,-0.2359801972175538
44,448,-0.22086581041844763,-0.21437202430184232,-0.22086581041844763
44,448,-0.2182095623551984,-0.1930545123849971,-0.2182095623551984
44,448,-0.18961193987084987,-0.1959301884793516,-0.18961193987084987
44,448,0.6287666263282821,0.9370236779986137,0.6287666263282821
44,448,0.0003528046437194411,0.0,0.0003528046437194411
44,460,-0.11880016496275826,-0.02514003435377627,-0.11880016496275826
44,460,-0.09337741715335206,-0.05796025064803947,-0.09337741715335206
44,460,-0.0688605685777598,-0.14791890064317229,-0.0688605685777598
44,460,-0.1265271844138571,-0.2005562761094001,-0.1265271844138571
44,460,-0.13854465811729585,-0.09565661336316461,-0.13854465811729585
44,460,-0.17802957575812803,-0.17142442697963506,-0.17802957575812803
44,460,-0.13293192973611234,-0.15342019404106783,-0.13293192973611234
44,460,-0.12080422160427369,-0.08840490842957503,-0.12080422160427369
44,460,-0.10581101470393686,-0.10515884741407511,-0.10581101470393686
44,460,-0.08450458499251925,-0.03620513584727072,-0.08450458499251925
44,460,-0.048810559471894284,-0.05627235381004879,-0.048810559471894284
44,460,2.029168522662869,2.4234981599890713,2.029168522662869
44,460,0.033706739243419444,0.0,0.033706739243419444
44,500,-0.12289285471285591,-0.11078517020737737,-0.12289285471285591
44,500,-0.13387648849503467,-0.12853934435513117,-0.13387648849503467
44,500,-0.12981366015044893,-0.17536285293494666,-0.12981366015044893
44,500,-0.16976370956062892,-0.212746642161555,-0.16976370956062892
44,500,-0.14430635960948443,-0.11741172816393336,-0.14430635960948443
44,500,-0.23108047353554798,-0.188678483545762,-0.23108047353554798
44,500,-0.11545451914855646,-0.1981807175966725,-0.11545451914855646
44,500,-0.12836597056900992,-0.1375414608244148,-0.12836597056900992
44,500,-0.1602688372189787,-0.1614220753470977,-0.1602688372189787
44,500,-0.12960912006430295,-0.10903475867168333,-0.12960912006430295
44,500,-0.11421523511736888,-0.14366790119934392,-0.11421523511736888
44,500,1.3061216847492605,1.7444009988374882,1.3061216847492605
44,500,0.0037840889011333885,0.0,0.0037840889011333885
44,501,-0.2967491237595114,-0.3077689826706599,-0.2967491237595114
44,501,-0.3041782936173731,-0.3076439532752532,-0.3041782936173731
44,501,-0.3069941813213279,-0.30770646797295653,-0.3069941813213279
44,501,-0.30538404534539904,-0.30783149736836324,-0.30538404534539904
44,501,-0.3098612857354254,-0.3077689826706599,-0.3098612857354254
44,501,-0.2998035686398833,-0.30783149736836324,-0.2998035686398833
44,501,-0.28230874997536903,-0.3075189238798464,-0.28230874997536903
44,501,-0.30772759902451274,-0.3075814385775498,-0.30772759902451274
44,501,-0.29877241904658414,-0.30633114462348265,-0.29877241904658414
44,501,0.008546061012550808,0.0,0.008546061012550808
44,508,-0.2198810078873755,-0.20643265769351582,-0.2198810078873755
44,508,-0.2156328013673586,-0.22474946412059985,-0.2156328013673586
44,508,-0.2081452746706605,-0.24769235817773239,-0.2081452746706605
44,508,-0.2417601501183298,-0.27794947186615787,-0.2417601501183298
44,508,-0.24806111300723058,-0.23356403649677338,-0.24806111300723058
44,508,-0.28498057716420905,-0.27726181019142093,-0.28498057716420905
44,508,-0.2238255323451162,-0.2571945922286429,-0.2238255323451162
44,508,-0.24520719357350554,-0.22656239035399722,-0.24520719357350554
44,508,-0.24378667712982025,-0.22368671425964273,-0.24378667712982025
44,508,-0.22516538737438635,-0.21468459779035912,-0.22516538737438635
44,508,-0.20574938686185523,-0.22312408198031253,-0.20574938686185523
44,508,0.5718511563504559,0.7191599565024096,0.5718511563504559
44,508,0.001571908645098463,0.0,0.001571908645098463
44,522,-0.07417512154600003,-0.06589961725636599,-0.07417512154600003
44,522,-0.07313648141282529,-0.0822784680546459,-0.07313648141282529
44,522,-0.09994584906089252,-0.16135956064939436,-0.09994584906089252
44,522,-0.1517847257016765,-0.2054324225302621,-0.1517847257016765
44,522,-0.11759182937916397,-0.08115320349598545,-0.11759182937916397
44,522,-0.19998318576384572,-0.16986155953705112,-0.19998318576384572
44,522,-0.08419226806325227,-0.17354992670154926,-0.08419226806325227
44,522,-0.1058521616564185,-0.09434380471139409,-0.1058521616564185
44,522,-0.12415860670496572,-0.08646695280077092,-0.12415860670496572
44,522,-0.09552215094446456,-0.02732804877339382,-0.09552215094446456
44,522,-0.025024521681314697,-0.05533463334449841,-0.025024521681314697
44,522,2.5576306315307775,2.576784198757706,2.5576306315307775
44,522,-0.00033328066092331736,0.0,-0.00033328066092331736
44,532,-0.20715020160795278,-0.16811114800135707,-0.20715020160795278
44,532,-0.19463344473819827,-0.17767589674997092,-0.19463344473819827
44,532,-0.1795026618192466,-0.21637249462834982,-0.1795026618192466
44,532,-0.20480757568527738,-0.23806509473141518,-0.20480757568527738
44,532,-0.19545247945145888,-0.18542771926518736,-0.19545247945145888
44,532,-0.26199345990159045,-0.2473797846892156,-0.26199345990159045
44,532,-0.15600292478777228,-0.2067452311820326,-0.15600292478777228
44,532,-0.20028586302792847,-0.1716744857704485,-0.20028586302792847
44,532,-0.18519408288609834,-0.19136661554700643,-0.18519408288609834
44,532,-0.1613870505018299,-0.16704839814039998,-0.1613870505018299
44,532,-0.17892101611769778,-0.17492525005102313,-0.17892101611769778
44,532,0.9675087892571174,1.192396218116833,0.9675087892571174
44,532,0.00045507449734490314,0.0,0.00045507449734490314
44,538,-0.24827200390141219,-0.24337884403620066,-0.24827200390141219
44,538,-0.25779207980404983,-0.24781738757313912,-0.25779207980404983
44,538,-0.25283750194888344,-0.2663217380933332,-0.25283750194888344
44,538,-0.26019060211586764,-0.2822629860076896,-0.26019060211586764
44,538,-0.26559474701274627,-0.2518183282261541,-0.26559474701274627
44,538,-0.2844748233434994,-0.2777619277730478,-0.2844748233434994
44,538,-0.24866958755658483,-0.27551139865572694,-0.24866958755658483
44,538,-0.26351236387790294,-0.25394382794806825,-0.26351236387790294
44,538,-0.2658245721122262,-0.26744700265199367,-0.2658245721122262
44,538,-0.2578163686320342,-0.24700469650299545,-0.2578163686320342
44,538,-0.25434995677068795,-0.24969282850423988,-0.25434995677068795
44,538,0.3016721481783235,0.3306936249737401,0.3016721481783235
44,538,0.0035954299271538093,0.0,0.0035954299271538093
44,539,-0.2834840904806324,0.0,-0.2834840904806324
44,540,-0.2813808905573071,-0.30770646797295653,-0.2813808905573071
44,540,-0.29699282023583445,-0.3077689826706599,-0.29699282023583445
44,540,-0.29054247685028567,-0.30783149736836324,-0.29054247685028567
44,540,-0.2943604177519056,-0.3077689826706599,-0.2943604177519056
44,540,-0.30963331649291453,-0.30783149736836324,-0.30963331649291453
44,540,-0.2820667832063974,-0.3077689826706599,-0.2820667832063974
44,540,-0.2925184928163699,-0.30708132099592295,-0.2925184928163699
44,540,0.002385747469519576,0.0,0.002385747469519576
44,542,-0.21699947520061766,-0.2033069228083479,-0.21699947520061766
44,542,-0.21528865387378365,-0.21824793555945055,-0.21528865387378365
44,542,-0.20331860716923925,-0.24231609417524358,-0.20331860716923925
44,542,-0.2414077651888038,-0.2616956504632847,-0.2414077651888038
44,542,-0.22059950039177767,-0.23068836040241888,-0.22059950039177767
44,542,-0.2726244739722065,-0.27126039921189854,-0.2726244739722065
44,542,-0.2177605261963235,-0.2556942394837623,-0.2177605261963235
44,542,-0.24433325187103908,-0.2221238468170588,-0.24433325187103908
44,542,-0.2413462629908468,-0.23418918347380696,-0.2413462629908468
44,542,-0.2230568176955377,-0.20530739313485535,-0.2230568176955377
44,542,-0.2135535166042315,-0.198618320480596,-0.2135535166042315
44,542,0.6756251247727831,0.7968657257476841,0.6756251247727831
44,542,-0.006647008804194602,0.0,-0.006647008804194602
44,560,-0.1282962170366448,-0.15942160502059025,-0.1282962170366448
44,560,-0.1520077647750168,-0.18861596884805865,-0.1520077647750168
44,560,-0.16671242419221932,-0.2150596859765793,-0.16671242419221932
44,560,-0.22549154046007627,-0.24775487287543574,-0.22549154046007627
44,560,-0.20660240088784998,-0.1908039832676762,-0.20660240088784998
44,560,-0.2605244341157114,-0.24944276971342644,-0.2605244341157114
44,560,-0.17633866676564688,-0.22893794886672486,-0.17633866676564688
44,560,-0.22161469479143717,-0.19192924782633664,-0.22161469479143717
44,560,-0.22056948930562115,-0.1933670858735139,-0.22056948930562115
44,560,-0.20190362996286257,-0.17992642586729182,-0.20190362996286257
44,560,-0.16974001770334396,-0.18367730772949334,-0.16974001770334396
44,560,0.8644092035483031,1.3250524066433598,0.8644092035483031
44,560,0.0008216159261244509,0.0,0.0008216159261244509
44,561,-0.20225822713888694,-0.18861596884805865,-0.20225822713888694
44,561,-0.19412997704466897,-0.2008688495979169,-0.19412997704466897
44,561,-0.1827504897252988,-0.22968812523916515,-0.1827504897252988
44,561,-0.2267140441529175,-0.2526310192962977,-0.2267140441529175
44,561,-0.2116614387726065,-0.19586767378164824,-0.2116614387726065
44,561,-0.2639933561915881,-0.25356873976184807,-0.2639933561915881
44,561,-0.1741623330313279,-0.2403156238487361,-0.1741623330313279
44,561,-0.20073235069484835,-0.2008688495979169,-0.20073235069484835
44,561,-0.21468609397068153,-0.20662020178662588,-0.21468609397068153
44,561,-0.186650754740682,-0.18874099824346535,-0.186650754740682
44,561,-0.18227030067601785,-0.20293183462212774,-0.18227030067601785
44,561,0.6805545401248919,0.963029792243211,0.6805545401248919
44,561,0.006547834107263661,0.0,0.006547834107263661
44,570,-0.12319413048673293,-0.09453134880450416,-0.12319413048673293
44,570,-0.11585730836642275,-0.09934498052766276,-0.11585730836642275
44,570,-0.13404764975338895,-0.18930363052279559,-0.13404764975338895
44,570,-0.17195428390290143,-0.2081205545315065,-0.17195428390290143
44,570,-0.15381777555287374,-0.14660609199140176,-0.15381777555287374
44,570,-0.23251299413869048,-0.19505498271150457,-0.23251299413869048
44,570,-0.13724285001250638,-0.1858028074514075,-0.13724285001250638
44,570,-0.17024879768065554,-0.1387292400807786,-0.17024879768065554
44,570,-0.15534484152757244,-0.14516825394422453,-0.15534484152757244
44,570,-0.11865099558972604,-0.09378117243206387,-0.11865099558972604
44,570,-0.09955064063398429,-0.12610127114470018,-0.09955064063398429
44,570,1.4358190064842378,2.0163399338470978,1.4358190064842378
44,570,0.009831912501688462,0.0,0.009831912501688462
44,573,-0.16199656854920047,-0.17098682409571156,-0.16199656854920047
44,573,-0.19076225874975844,-0.1963677913632751,-0.19076225874975844
44,573,-0.1749128973907962,-0.2298131546345719,-0.1749128973907962
44,573,-0.23599112464938066,-0.2465045789213686,-0.23599112464938066
44,573,-0.22487939254503037,-0.18761573368480491,-0.22487939254503037
44,573,-0.2621769727126439,-0.2577572245079731,-0.2621769727126439
44,573,-0.18009665985467285,-0.2130592156500718,-0.18009665985467285
44,573,-0.20972612568557045,-0.20105639369102699,-0.20972612568557045
44,573,-0.20583429471954928,-0.2037445256922714,-0.20583429471954928
44,573,-0.1939941933525325,-0.1664232511633664,-0.1939941933525325
44,573,-0.1725312223657512,-0.18136426391446905,-0.1725312223657512
44,573,0.7758448171831938,1.133069769996346,0.7758448171831938
44,573,-0.0033653572905590332,0.0,-0.0033653572905590332
44,581,-0.15738240241592588,-0.08752970266172802,-0.15738240241592588
44,581,-0.12067582464131942,-0.1095348762533102,-0.12067582464131942
44,581,-0.12456463575262118,-0.1945548651298777,-0.12456463575262118
44,581,-0.1730671846235134,-0.1980556882012658,-0.1730671846235134
44,581,-0.1755796859684273,-0.08946765829053213,-0.1755796859684273
44,581,-0.19773878003692288,-0.1883659100572452,-0.19773878003692288
44,581,-0.09227026921774348,-0.19105404205848964,-0.09227026921774348
44,581,-0.13873965187849735,-0.13522841700939053,-0.13873965187849735
44,581,-0.17610553924485878,-0.12147518351465166,-0.17610553924485878
44,581,-0.1272251874404673,-0.10153299494728031,-0.1272251874404673
44,581,-0.09835169558989337,-0.12210033049168524,-0.09835169558989337
44,581,1.4432424901285534,1.9255685927818211,1.4432424901285534
44,581,-0.0021648174280462394,0.0,-0.0021648174280462394
44,593,-0.11560572435607006,-0.12328810974804906,-0.11560572435607006
44,593,-0.11475123592625308,-0.15029445915589992,-0.11475123592625308
44,593,-0.12636815086732017,-0.20474476085552512,-0.12636815086732017
44,593,-0.18786976694165627,-0.22506203760911664,-0.18786976694165627
44,593,-0.17388320297905693,-0.15216990008700065,-0.17388320297905693
44,593,-0.23042721592830653,-0.22825028719198792,-0.23042721592830653
44,593,-0.1370508535297069,-0.1960552178747583,-0.1370508535297069
44,593,-0.1727001285445456,-0.15654592892623576,-0.1727001285445456
44,593,-0.16278347751411512,-0.16217225171953803,-0.16278347751411512
44,593,-0.1251084799388013,-0.11947471318814419,-0.1251084799388013
44,593,-0.12349208882851649,-0.13197765272881587,-0.12349208882851649
44,593,1.1892866663292236,1.7687817309417981,1.1892866663292236
44,593,-0.0028476256384048844,0.0,-0.0028476256384048844
44,692,-0.17123029098687434,-0.15323264994795777,-0.17123029098687434
44,692,-0.1533943301446405,-0.16148459004480106,-0.1533943301446405
44,692,-0.15074590201661267,-0.2224364203055756,-0.15074590201661267
44,692,-0.2008544889746371,-0.2347518157531372,-0.2008544889746371
44,692,-0.18895652776743288,-0.18336473424097655,-0.18895652776743288
44,692,-0.25996809070109533,-0.24750481408462233,-0.25996809070109533
44,692,-0.15671321373469332,-0.20987096606720052,-0.15671321373469332
44,692,-0.19877066679361627,-0.18942865991820232,-0.19877066679361627
44,692,-0.2031989070182609,-0.1858028074514075,-0.2031989070182609
44,692,-0.1933656459570422,-0.1301647264954185,-0.1933656459570422
44,692,-0.13228282635477118,-0.13116496165867222,-0.13228282635477118
44,692,1.2490456917614896,1.4737123577819462,1.2490456917614896
44,692,-0.003037072372691709,0.0,-0.003037072372691709
44,698,-0.13744403903686847,-0.157108561205566,-0.13744403903686847
44,698,-0.16072632136747853,-0.17017413302556791,-0.16072632136747853
44,698,-0.17220199216799578,-0.21512220067428264,-0.17220199216799578
44,698,-0.19674680479490717,-0.22968812523916515,-0.19674680479490717
44,698,-0.19036403631902526,-0.16404769265063876,-0.19036403631902526
44,698,-0.26226023974419777,-0.22649987565629387,-0.26226023974419777
44,698,-0.13696998235241556,-0.21212149518452142,-0.13696998235241556
44,698,-0.18579530172432665,-0.18167683740298585,-0.18579530172432665
44,698,-0.18085384017011763,-0.181176719821359,-0.18085384017011763
44,698,-0.15881385300739045,-0.1591715462297768,-0.15881385300739045
44,698,-0.15853301775163312,-0.1591715462297768,-0.15853301775163312
44,698,0.959161227162236,1.4698364465243379,0.959161227162236
44,698,0.005691424099078749,0.0,0.005691424099078749
44,699,-0.2616928643493289,-0.2831381917755366,-0.2616928643493289
44,699,-0.26923835271916663,-0.2875142206147717,-0.26923835271916663
44,699,-0.2735301719548565,-0.2954535872230983,-0.2735301719548565
44,699,-0.28700296050990076,-0.2978916604335292,-0.28700296050990076
44,699,-0.28479877423523176,-0.2853262061951542,-0.28479877423523176
44,699,-0.28973381375000656,-0.2953910725253949,-0.28973381375000656
44,699,-0.2770165306870487,-0.2937031756874042,-0.2770165306870487
44,699,-0.28426067344813705,-0.29051492610453294,-0.28426067344813705
44,699,-0.28278428857434884,-0.28988977912749936,-0.28278428857434884
44,699,-0.27945232740309034,-0.28807685289410195,-0.27945232740309034
44,699,-0.2769556015542034,-0.2875767353124751,-0.2769556015542034
44,699,-0.07743439029527406,-0.07834004209933432,-0.07743439029527406
44,699,0.0002865142743181938,0.0,0.0002865142743181938
44,714,-0.1155157349180959,-0.15785873757800628,-0.1155157349180959
44,714,-0.15704794087760227,-0.17492525005102313,-0.15704794087760227
44,714,-0.1657468370658762,-0.22137367044461848,-0.1657468370658762
44,714,-0.20259843949233924,-0.2362521684980178,-0.20259843949233924
44,714,-0.19829481967505788,-0.17261220623599888,-0.19829481967505788
44,714,-0.2734419110643174,-0.2321887131472995,-0.2734419110643174
44,714,-0.14963798133609388,-0.2154972888605028,-0.14963798133609388
44,714,-0.1846087583885486,-0.18286461665934967,-0.1846087583885486
44,714,-0.2066543101893248,-0.17405004428317614,-0.2066543101893248
44,714,-0.1779129392369017,-0.16467283962767235,-0.1779129392369017
44,714,-0.1506972118401011,-0.1540453410181014,-0.1506972118401011
44,714,1.0083117873157035,1.5656714781035865,1.0083117873157035
44,714,-8.690846683687538e-05,0.0,-8.690846683687538e-05
44,715,-0.2889646506228524,-0.30783149736836324,-0.2889646506228524
44,715,-0.2785746474112539,-0.30783149736836324,-0.2785746474112539
44,715,-0.24414885108860826,-0.30783149736836324,-0.24414885108860826
44,715,-0.2883327562456948,-0.30783149736836324,-0.2883327562456948
44,715,-0.27356670810923733,-0.30783149736836324,-0.27356670810923733
44,715,-0.2913840825029104,-0.30783149736836324,-0.2913840825029104
44,715,-0.2826934068951752,-0.3077689826706599,-0.2826934068951752
44,715,0.01965940754798243,0.0,0.01965940754798243
44,733,-0.1701962445780119,-0.15492054678594844,-0.1701962445780119
44,733,-0.1416289748372442,-0.17880116130863136,-0.1416289748372442
44,733,-0.16171708564519552,-0.22399928774815953,-0.16171708564519552
44,733,-0.20402257866059767,-0.2433163293384973,-0.20402257866059767
44,733,-0.19664349523443792,-0.15867142864814995,-0.19664349523443792
44,733,-0.24075458269319933,-0.20693277527514267,-0.24075458269319933
44,733,-0.136685463592472,-0.2229990525849058,-0.136685463592472
44,733,-0.16580008674498048,-0.18767824838250827,-0.16580008674498048
44,733,-0.18519072635786082,-0.21324675974318189,-0.18519072635786082
44,733,-0.176401882637839,-0.15973417850910704,-0.176401882637839
44,733,-0.17449591841026402,-0.17204957395666864,-0.17449591841026402
44,733,0.8740793117779829,1.4612094182412745,0.8740793117779829
44,733,0.0023209971688061166,0.0,0.0023209971688061166
44,754,-0.15008631684501517,-0.0497708252488995,-0.15008631684501517
44,754,-0.09847094439401421,-0.08609186461455078,-0.09847094439401421
44,754,-0.09598102148139454,-0.16592313358173952,-0.09598102148139454
44,754,-0.166107020534275,-0.18574029275370416,-0.166107020534275
44,754,-0.1307212158389875,-0.09621924564249484,-0.1307212158389875
44,754,-0.22191805738536677,-0.16279739869657162,-0.22191805738536677
44,754,-0.07835945264466562,-0.1584213698573365,-0.07835945264466562
44,754,-0.1166799066359912,-0.09728199550345194,-0.1166799066359912
44,754,-0.11807045796626403,-0.13666625505656776,-0.11807045796626403
44,754,-0.10316875490893057,-0.024202313888225895,-0.10316875490893057
44,754,-0.02350313980500949,-0.08421642368345002,-0.02350313980500949
44,754,1.7166606998347818,2.43743893757692,1.7166606998347818
44,754,-0.0016051390298054053,0.0,-0.0016051390298054053
44,766,-0.1734421630274623,-0.1597966932068104,-0.1734421630274623
44,766,-0.1602025763785175,-0.17986391116958847,-0.1602025763785175
44,766,-0.19016027143969433,-0.20874570150854008,-0.19016027143969433
44,766,-0.21310186181839122,-0.2484425345501727,-0.21310186181839122
44,766,-0.19577939602486594,-0.1927419388964803,-0.19577939602486594
44,766,-0.2610225552230928,-0.23356403649677338,-0.2610225552230928
44,766,-0.20227545748146142,-0.23193865435648606,-0.20227545748146142
44,766,-0.21989321605617596,-0.19117907145389634,-0.21989321605617596
44,766,-0.2119309094052011,-0.18230198438001943,-0.2119309094052011
44,766,-0.19804581975506586,-0.1639851779529354,-0.19804581975506586
44,766,-0.15857142984807804,-0.18261455786853623,-0.15857142984807804
44,766,0.906364294613015,1.1870199541143442,0.906364294613015
44,766,-0.0024132071666692,0.0,-0.0024132071666692
44,771,-0.20851263243164303,-0.18305216075245975,-0.20851263243164303
44,771,-0.19995102427724645,-0.1927419388964803,-0.19995102427724645
44,771,-0.1927056751490487,-0.2297506399368685,-0.1927056751490487
44,771,-0.2233070384857918,-0.24350387343160737,-0.2233070384857918
44,771,-0.21230064599224233,-0.18142677861217243,-0.21230064599224233
44,771,-0.26721972101008606,-0.23587708031179763,-0.26721972101008606
44,771,-0.16335898807070645,-0.239252873987779,-0.16335898807070645
44,771,-0.1961808840350327,-0.21681009751227331,-0.1961808840350327
44,771,-0.21956902449496649,-0.22518706700452334,-0.21956902449496649
44,771,-0.20560901259391265,-0.2022441729473908,-0.20560901259391265
44,771,-0.19568843002657096,-0.20724534876365946,-0.19568843002657096
44,771,0.6426492129215731,1.0803698798324148,0.6426492129215731
44,771,-0.0022227897507936015,0.0,-0.0022227897507936015
44,772,-0.22891417808654005,-0.21399693611562218,-0.22891417808654005
44,772,-0.22430233895373858,-0.23387660998529017,-0.22430233895373858
44,772,-0.2401487240205145,-0.25381879855266154,-0.2401487240205145
44,772,-0.2435827132226948,-0.26600916460481644,-0.2435827132226948
44,772,-0.24167266460536926,-0.23287637482203644,-0.24167266460536926
44,772,-0.27682726216114206,-0.2687598113037642,-0.27682726216114206
44,772,-0.22237408421048144,-0.24606697603744507,-0.22237408421048144
44,772,-0.24073378647835525,-0.2363771978934245,-0.24073378647835525
44,772,-0.23397188561749233,-0.2273750814241409,-0.23397188561749233
44,772,-0.2300129095520747,-0.2198108030020345,-0.2300129095520747
44,772,-0.23428761191413597,-0.21843547965256063,-0.23428761191413597
44,772,0.6104691199743134,0.6877150635576202,0.6104691199743134
44,772,-0.0033282521514157947,0.0,-0.0033282521514157947
44,773,-0.29868872930422796,-0.307268865089033,-0.29868872930422796
44,773,-0.3075900286525984,-0.3073938944844397,-0.3075900286525984
44,773,-0.2868800788081879,-0.3073938944844397,-0.2868800788081879
44,773,-0.29800576658436934,-0.3077689826706599,-0.29800576658436934
44,773,-0.3041331790461518,-0.3075814385775498,-0.3041331790461518
44,773,-0.3143367211747694,-0.3075814385775498,-0.3143367211747694
44,773,-0.3085739405426728,-0.30745640918214306,-0.3085739405426728
44,773,-0.30029574087360655,-0.3076439532752532,-0.30029574087360655
44,773,-0.30790947707552213,-0.30770646797295653,-0.30790947707552213
44,773,-0.29897997564067486,-0.30783149736836324,-0.29897997564067486
44,773,-0.3093945630600102,-0.30464324778549196,-0.3093945630600102
44,773,0.009437757968099718,0.0,0.009437757968099718
44,789,-0.15648471531808067,-0.07621454237742013,-0.15648471531808067
44,789,-0.12329925538672917,-0.11191043476603782,-0.12329925538672917
44,789,-0.10580272429958561,-0.18686555731236462,-0.10580272429958561
44,789,-0.1744208892476069,-0.22081103816528824,-0.1744208892476069
44,789,-0.16654485745453415,-0.15442042920432156,-0.16654485745453415
44,789,-0.2011293835485642,-0.20530739313485535,-0.2011293835485642
44,789,-0.13715121723116952,-0.1882408806618385,-0.13715121723116952
44,789,-0.16380508317044723,-0.14829398882939243,-0.16380508317044723
44,789,-0.17680627448099978,-0.16773605981513692,-0.17680627448099978
44,789,-0.14096733055672184,-0.12316308035264234,-0.14096733055672184
44,789,-0.1306474365432641,-0.1351033876139838,-0.1306474365432641
44,789,1.2086211556424329,1.7870985373688821,1.2086211556424329
44,789,-0.003241515413932335,0.0,-0.003241515413932335
44,792,-0.19955161689195264,-0.16473535432537573,-0.19955161689195264
44,792,-0.17165751183546885,-0.18961620401131238,-0.17165751183546885
44,792,-0.17844081958001537,-0.24187849129132005,-0.17844081958001537
44,792,-0.2267680568246635,-0.24087825612806632,-0.2267680568246635
44,792,-0.22111532009393095,-0.1807391169374355,-0.22111532009393095
44,792,-0.2621941341464857,-0.23837766821993198,-0.2621941341464857
44,792,-0.16012255047930973,-0.23606462440490772,-0.16012255047930973
44,792,-0.19839994108481085,-0.19674287954949524,-0.19839994108481085
44,792,-0.21229842573449137,-0.19905592336451952,-0.21229842573449137
44,792,-0.19216823302029337,-0.19299199768729375,-0.19216823302029337
44,792,-0.16803915021380159,-0.18080163163513885,-0.16803915021380159
44,792,0.7494365555035091,1.2252164344110963,0.7494365555035091
44,792,-0.0034443876842931184,0.0,-0.0034443876842931184
44,802,-0.2357180002998962,-0.236814800777348,-0.2357180002998962
44,802,-0.23587399935131032,-0.2465045789213686,-0.23587399935131032
44,802,-0.25210801751545125,-0.2661967086979265,-0.25210801751545125
44,802,-0.25140891781291885,-0.27382350181773624,-0.25140891781291885
44,802,-0.2510224949694295,-0.25000540199275667,-0.2510224949694295
44,802,-0.2786985835469867,-0.27407356060854965,-0.2786985835469867
44,802,-0.23695356097229223,-0.2660716793025198,-0.23695356097229223
44,802,-0.249173308769963,-0.25063054896979026,-0.249173308769963
44,802,-0.2522377514487845,-0.2562568717630925,-0.2522377514487845
44,802,-0.254475829247971,-0.24287872645457378,-0.254475829247971
44,802,-0.23929536379753635,-0.24869259334098612,-0.23929536379753635
44,802,0.33184957755542227,0.4354057436268655,0.33184957755542227
44,802,-0.0016129239656327286,0.0,-0.0016129239656327286
44,806,-0.18194489846096992,-0.1691113831646108,-0.18194489846096992
44,806,-0.18538609778330373,-0.18817836596413515,-0.18538609778330373
44,806,-0.18098483248981825,-0.2147471124880625,-0.18098483248981825
44,806,-0.20632406324428892,-0.23256380133351964,-0.20632406324428892
44,806,-0.2013417206911334,-0.1863029250330344,-0.2013417206911334
44,806,-0.2562807103705308,-0.22856286068050471,-0.2562807103705308
44,806,-0.16914663758737428,-0.2126216127661483,-0.16914663758737428
44,806,-0.19556126582038563,-0.1833022195432732,-0.19556126582038563
44,806,-0.19900905967318216,-0.19161667433781984,-0.19900905967318216
44,806,-0.1800455660701073,-0.1793637935879616,-0.1800455660701073
44,806,-0.1655615078021585,-0.17673817628442054,-0.1655615078021585
44,806,0.9344197489348216,1.289168970161632,0.9344197489348216
44,806,-0.003123894428657327,0.0,-0.003123894428657327
44,817,-0.08160534798884554,0.00724257905656341,-0.08160534798884554
44,817,-0.04832795214379978,-0.044457075944114036,-0.04832795214379978
44,817,0.005069830837900305,-0.14766884185235885,0.005069830837900305
44,817,-0.10060085363592586,-0.18767824838250827,-0.10060085363592586
44,817,-0.1521717723066835,-0.06852523455990704,-0.1521717723066835
44,817,-0.16695352041563563,-0.17642560279590375,-0.16695352041563563
44,817,-0.08941267067838908,-0.13779151961522823,-0.08941267067838908
44,817,-0.10888929907474143,-0.07934027726258806,-0.10888929907474143
44,817,-0.09183384266076836,-0.0726512046083287,-0.09183384266076836
44,817,-0.06334608650182227,-0.022201843561718424,-0.06334608650182227
44,817,-0.014097789901549375,-0.02157669658468484,-0.014097789901549375
44,817,2.1594891855340137,2.737759545343854,2.1594891855340137
44,817,0.021190205756624385,0.0,0.021190205756624385
44,823,-0.15092265269819993,-0.20261926113361095,-0.15092265269819993
44,823,-0.21623630872880523,-0.21149634820748783,-0.21623630872880523
44,823,-0.20119877370111933,-0.23931538868548236,-0.20119877370111933
44,823,-0.2470821138919562,-0.25781973920567647,-0.2470821138919562
44,823,-0.2311557026323254,-0.20662020178662588,-0.2311557026323254
44,823,-0.25881991255898845,-0.24819247575935927,-0.25881991255898845
44,823,-0.1995790104015817,-0.23025075751849539,-0.1995790104015817
44,823,-0.22218181431830972,-0.2106836571373442,-0.22218181431830972
44,823,-0.22316223872870292,-0.22549964049304014,-0.22316223872870292
44,823,-0.20788136190317516,-0.2054324225302621,-0.20788136190317516
44,823,-0.20658747392643692,-0.20880821620624343,-0.20658747392643692
44,823,0.5779719082245227,0.8718833629917143,0.5779719082245227
44,823,-0.0033502320604437783,0.0,-0.0033502320604437783
44,853,-0.20458918171442,-0.15698353181015925,-0.20458918171442
44,853,-0.15751683455714371,-0.17311232381762576,-0.15751683455714371
44,853,-0.17684708835114726,-0.2248119788183032,-0.17684708835114726
44,853,-0.20371976615470178,-0.24175346189591335,-0.20371976615470178
44,853,-0.204464294847533,-0.19074146856997284,-0.204464294847533
44,853,-0.26292638615942326,-0.23825263882452527,-0.26292638615942326
44,853,-0.1828881740231338,-0.2099334807649039,-0.1828881740231338
44,853,-0.2057426316831575,-0.1867405279169579,-0.2057426316831575
44,853,-0.21901859190289366,-0.1936796593620307,-0.21901859190289366
44,853,-0.18152117166617385,-0.17192454456126194,-0.18152117166617385
44,853,-0.17861665153309136,-0.18205192558920602,-0.17861665153309136
44,853,0.8818155025412143,1.1936465120709003,0.8818155025412143
44,853,0.000829009000104512,0.0,0.000829009000104512
44,911,-0.14910334437586173,-0.12872688844824123,-0.14910334437586173
44,911,-0.15761037423535104,-0.1491066798995361,-0.15761037423535104
44,911,-0.14869798403429024,-0.20174405536576392,-0.14869798403429024
44,911,-0.18974368840614103,-0.22837531658739463,-0.18974368840614103
44,911,-0.17112024649182725,-0.17523782353953993,-0.17112024649182725
44,911,-0.24791573979411338,-0.2195607442112211,-0.24791573979411338
44,911,-0.16216568911143103,-0.21093371592815763,-0.16216568911143103
44,911,-0.1876047627957183,-0.17711326447064069,-0.1876047627957183
44,911,-0.1867955606144927,-0.18273958726394296,-0.1867955606144927
44,911,-0.15264883088355125,-0.15729610529867605,-0.15264883088355125
44,911,-0.15361542356319607,-0.16304745748738503,-0.15361542356319607
44,911,1.0080664014905567,1.5818627848087563,1.0080664014905567
44,911,-0.0031064370898560628,0.0,-0.0031064370898560628
44,921,-0.1032332907361882,-0.044457075944114036,-0.1032332907361882
44,921,-0.08523841694706943,-0.08465402656737353,-0.08523841694706943
44,921,-0.058300189994132105,-0.1466686066891051,-0.058300189994132105
44,921,-0.1416415276762472,-0.2007438202025102,-0.1416415276762472
44,921,-0.12115749146027026,-0.11047259671886057,-0.12115749146027026
44,921,-0.21398934597169647,-0.18999129219753252,-0.21398934597169647
44,921,-0.1013924647197806,-0.16523547190700258,-0.1013924647197806
44,921,-0.12875554376481027,-0.11216049355685125,-0.12875554376481027
44,921,-0.1269754808352116,-0.10615908257732884,-0.1269754808352116
44,921,-0.09834695087829864,-0.0607734120446906,-0.09834695087829864
44,921,-0.07285650000370011,-0.10153299494728031,-0.07285650000370011
44,921,1.6319836014237652,2.100859805142038,1.6319836014237652
44,921,0.0025160502088821687,0.0,0.0025160502088821687
45,21,-0.2556698682363334,-0.25944512134596376,-0.2556698682363334
45,21,-0.24264897036457045,-0.2709478257233817,-0.24264897036457045
45,21,-0.24825827041778464,-0.2690098700945776,-0.24825827041778464
45,21,-0.26143868879758275,-0.28551375028826426,-0.26143868879758275
45,21,-0.2531046033993083,-0.2668218556749601,-0.2531046033993083
45,21,-0.27471446765960833,-0.28507614740434073,-0.27471446765960833
45,21,-0.24383735760503425,-0.2714479433050086,-0.24383735760503425
45,21,-0.2639938795278779,-0.26332103260357204,-0.2639938795278779
45,21,-0.25539876351947705,-0.26075792999773434,-0.25539876351947705
45,21,-0.2466466891408358,-0.2608204446954377,-0.2466466891408358
45,21,-0.2444621968549547,-0.2590075184620403,-0.2444621968549547
45,21,0.3628854724256763,0.23879701934980316,0.3628854724256763
45,21,0.004904315766397462,0.0,0.004904315766397462
45,60,-0.2661098009644313,-0.28051257447199557,-0.2661098009644313
45,60,-0.2691654043436503,-0.2835132799617568,-0.2691654043436503
45,60,-0.2654860636621864,-0.28976474973209265,-0.2654860636621864
45,60,-0.27806658989377425,-0.293140543408074,-0.27806658989377425
45,60,-0.28046389753720186,-0.286513985451518,-0.28046389753720186
45,60,-0.2844085131939681,-0.293140543408074,-0.2844085131939681
45,60,-0.27216969484709214,-0.288264396987212,-0.27216969484709214
45,60,-0.27620383670238474,-0.28345076526405344,-0.27620383670238474
45,60,-0.2717399760938019,-0.28782679410328854,-0.2717399760938019
45,60,-0.26933994964251895,-0.28163783903065603,-0.26933994964251895
45,60,-0.27163726911335323,-0.2848260886135273,-0.27163726911335323
45,60,-0.025659419080806125,-0.02607775481932665,-0.025659419080806125
45,60,5.128051260322581e-05,0.0,5.128051260322581e-05
45,160,-0.254851138811994,-0.275698942748837,-0.254851138811994
45,160,-0.27240907786576757,-0.2775118689822344,-0.27240907786576757
45,160,-0.26737489512578955,-0.28307567707783327,-0.26737489512578955
45,160,-0.28441435942899923,-0.2868265589400348,-0.28441435942899923
45,160,-0.27232041395198525,-0.27769941307534446,-0.27232041395198525
45,160,-0.27825807832394284,-0.28626392666070455,-0.27825807832394284
45,160,-0.26312289036095815,-0.2822629860076896,-0.26312289036095815
45,160,-0.2687890388392235,-0.27138542860730525,-0.2687890388392235
45,160,-0.2613702985551824,-0.2733858989338127,-0.2613702985551824
45,160,-0.26077176661409945,-0.2738860165154396,-0.26077176661409945
45,160,-0.26038368732431566,-0.2669468850703668,-0.26038368732431566
45,160,0.15997681030794664,0.12045669659734558,0.15997681030794664
45,160,-0.0017478050172772567,0.0,-0.0017478050172772567
45,161,-0.27080271313489834,-0.2768867220052008,-0.27080271313489834
45,161,-0.26639578042847284,-0.27682420730749746,-0.26639578042847284
45,161,-0.2744198186357486,-0.2863264413584079,-0.2744198186357486
45,161,-0.2763753842067536,-0.2962662782932419,-0.2763753842067536
45,161,-0.2829464871469655,-0.28126275084443586,-0.2829464871469655
45,161,-0.2826405862245076,-0.29307802871037064,-0.2826405862245076
45,161,-0.26771466985023346,-0.2812002361467325,-0.26771466985023346
45,161,-0.2761561174970229,-0.2721981196774489,-0.2761561174970229
45,161,-0.2642018835559444,-0.2755739133534303,-0.2642018835559444
45,161,-0.2614217804097406,-0.27138542860730525,-0.2614217804097406
45,161,-0.2613476145298377,-0.2728232666544825,-0.2613476145298377
45,161,0.11665138967176601,0.08469828951102454,0.11665138967176601
45,161,0.012329757302338437,0.0,0.012329757302338437
45,219,-0.19278128528905572,-0.10153299494728031,-0.19278128528905572
45,219,-0.13030867431197593,-0.1188495662111106,-0.13030867431197593
45,219,-0.13597160027788324,-0.17655063219131045,-0.13597160027788324
45,219,-0.17815416898669836,-0.19768060001504562,-0.17815416898669836
45,219,-0.15098684034996002,-0.12716402100565727,-0.15098684034996002
45,219,-0.22796025213994583,-0.1984932910851893,-0.22796025213994583
45,219,-0.11843015511971126,-0.19136661554700643,-0.11843015511971126
45,219,-0.14550244360161407,-0.12972712361149497,-0.14550244360161407
45,219,-0.1765517240922457,-0.13647871096345768,-0.1765517240922457
45,219,-0.12420869530961393,-0.14241760724527674,-0.12420869530961393
45,219,-0.11509125433194037,-0.11347330220862178,-0.11509125433194037
45,219,1.59285134802355,1.8179182833366379,1.59285134802355
45,219,0.0037325374887382666,0.0,0.0037325374887382666
45,295,-0.2986346825227197,-0.30689377690281283,-0.2986346825227197
45,295,-0.3054507220297434,-0.3070188062982196,-0.3054507220297434
45,295,-0.2868560966478416,-0.307268865089033,-0.2868560966478416
45,295,-0.29580669903740175,-0.3075189238798464,-0.29580669903740175
45,295,-0.2932866148599398,-0.30720635039132965,-0.2932866148599398
45,295,-0.3036173040998144,-0.30733137978673636,-0.3036173040998144
45,295,-0.2964195294090962,-0.30770646797295653,-0.2964195294090962
45,295,-0.29832542622528374,-0.30658120341429607,-0.29832542622528374
45,295,-0.30246141999554543,-0.3073938944844397,-0.30246141999554543
45,295,-0.2974698659702836,-0.3073938944844397,-0.2974698659702836
45,295,-0.29978827869209035,-0.30633114462348265,-0.29978827869209035
45,295,-0.2821573658746332,-0.295578616618505,-0.2821573658746332
45,295,0.006993105065577953,0.0,0.006993105065577953
45,333,-0.2973566457191221,-0.30439318899467854,-0.2973566457191221
45,333,-0.2955926982592468,-0.3050808506694155,-0.2955926982592468
45,333,-0.28954391118224154,-0.3058310270418558,-0.28954391118224154
45,333,-0.2982914009377542,-0.30601857113496583,-0.2982914009377542
45,333,-0.2969375439836321,-0.3065186887165927,-0.2969375439836321
45,333,-0.3003772531517557,-0.30633114462348265,-0.3003772531517557
45,333,-0.29638920569788346,-0.30626862992577925,-0.29638920569788346
45,333,-0.29991096280792945,-0.3058310270418558,-0.29991096280792945
45,333,-0.2980392254625196,-0.30464324778549196,-0.2980392254625196
45,333,-0.30057263006785284,-0.3053309094602289,-0.30057263006785284
45,333,-0.29626602730854196,-0.3057685123441524,-0.29626602730854196
45,333,-0.2716933201671071,-0.27932479521563175,-0.2716933201671071
45,333,0.007487958782635954,0.0,0.007487958782635954
45,334,-0.19327041263784983,0.028622605671112005,-0.19327041263784983
45,334,-0.036985623832059396,-0.08396636489263658,-0.036985623832059396
45,334,-0.08178782613885058,-0.12847682965742782,-0.08178782613885058
45,334,-0.12096191351866366,-0.17042419181638133,-0.12096191351866366
45,334,-0.14017131202597966,-0.09921995113225605,-0.14017131202597966
45,334,-0.1889179844402921,-0.10565896499570197,-0.1889179844402921
45,334,-0.09146111652399608,-0.14741878306154543,-0.09146111652399608
45,334,-0.09530876698598448,-0.07483921902794625,-0.09530876698598448
45,334,-0.0917495417885698,-0.06840020516450032,-0.0917495417885698
45,334,-0.08320480695350588,-0.05689750078708237,-0.08320480695350588
45,334,-0.10783817789517276,-0.06840020516450032,-0.10783817789517276
45,334,1.4058478092815831,2.157310577168171,1.4058478092815831
45,334,0.007232250171363203,0.0,0.007232250171363203
45,608,-0.23586285254677866,-0.17398752958547276,-0.23586285254677866
45,608,-0.19872878949221404,-0.19024135098834596,-0.19872878949221404
45,608,-0.21018282672317046,-0.2145595683949524,-0.21018282672317046
45,608,-0.21870529444602596,-0.24687966710758874,-0.21870529444602596
45,608,-0.19827214062209575,-0.22112361165380504,-0.19827214062209575
45,608,-0.2602998974973437,-0.2484425345501727,-0.2602998974973437
45,608,-0.19094634947434225,-0.22049846467677145,-0.19094634947434225
45,608,-0.2194071730886523,-0.19655533545638518,-0.2194071730886523
45,608,-0.21294884888289534,-0.20924581909016693,-0.21294884888289534
45,608,-0.19552936786159572,-0.19055392447686276,-0.19552936786159572
45,608,-0.20173332249680093,-0.1999936438300699,-0.20173332249680093
45,608,0.6141025222448979,0.8599430557303728,0.6141025222448979
45,608,0.0005086616746760568,0.0,0.0005086616746760568
45,685,-0.2553992268036095,-0.23794006533600848,-0.2553992268036095
45,685,-0.2523184014685394,-0.24400399101323425,-0.2523184014685394
45,685,-0.25236582861724927,-0.26869729660606084,-0.25236582861724927
45,685,-0.2528583311086601,-0.2751988251672101,-0.2528583311086601
45,685,-0.2603048628586534,-0.24838001985246932,-0.2603048628586534
45,685,-0.2814103521739171,-0.27419859000395636,-0.2814103521739171
45,685,-0.23392978719210425,-0.2606329006023276,-0.23392978719210425
45,685,-0.25377855804841326,-0.24250363826835364,-0.25377855804841326
45,685,-0.2505410175516779,-0.24687966710758874,-0.2505410175516779
45,685,-0.2448621564484931,-0.23393912468299352,-0.2448621564484931
45,685,-0.23350504219614673,-0.23068836040241888,-0.23350504219614673
45,685,0.46949833922459144,0.5641235061980806,0.46949833922459144
45,685,0.00032769142844277075,0.0,0.00032769142844277075
45,693,-0.25876696509343966,-0.26700939976807014,-0.25876696509343966
45,693,-0.2663697129522676,-0.27319835484070265,-0.2663697129522676
45,693,-0.2683771433951235,-0.28063760386740233,-0.2683771433951235
45,693,-0.2682851059072928,-0.2875767353124751,-0.2682851059072928
45,693,-0.2771131709467469,-0.275698942748837,-0.2771131709467469
45,693,-0.2802232556992717,-0.28476357391582396,-0.2802232556992717
45,693,-0.2704685202230608,-0.2761990603304639,-0.2704685202230608
45,693,-0.27472433030014143,-0.2656965911162996,-0.27472433030014143
45,693,-0.2674699456070093,-0.26732197325658696,-0.2674699456070093
45,693,-0.26445143390915826,-0.26419623837141903,-0.26445143390915826
45,693,-0.26241889117266193,-0.2631960032081653,-0.26241889117266193
45,693,0.244484941858259,0.15752791233543714,0.244484941858259
45,693,-0.0006972592871871732,0.0,-0.0006972592871871732
45,747,-0.2633145590368227,-0.273260869538406,-0.2633145590368227
45,747,-0.24478282793162628,-0.2788246776340049,-0.24478282793162628
45,747,-0.2646526876623962,-0.2903273820114229,-0.2646526876623962
45,747,-0.27459375645969675,-0.29063995549993965,-0.27459375645969675
45,747,-0.27821449510441704,-0.27832456005237804,-0.27821449510441704
45,747,-0.28217463554474825,-0.2890770880573557,-0.28217463554474825
45,747,-0.2683294040438679,-0.2822629860076896,-0.2683294040438679
45,747,-0.2707105051260105,-0.26944747297850113,-0.2707105051260105
45,747,-0.26426322788392037,-0.2803250303788855,-0.26426322788392037
45,747,-0.2602434247779143,-0.25994523892759064,-0.2602434247779143
45,747,-0.2575738909312337,-0.2687598113037642,-0.2575738909312337
45,747,0.1779361655362929,0.10382778700825224,0.1779361655362929
45,747,-0.0035931019748664033,0.0,-0.0035931019748664033
45,868,-0.23849727899843257,-0.19749305592193556,-0.23849727899843257
45,868,-0.1989115108803349,-0.2195607442112211,-0.1989115108803349
45,868,-0.20864432520867648,-0.24562937315352157,-0.20864432520867648
45,868,-0.2389617568743902,-0.2585074008804134,-0.2389617568743902
45,868,-0.2193300517694052,-0.2385026976153387,-0.2193300517694052
45,868,-0.25959586557903935,-0.2590075184620403,-0.25959586557903935
45,868,-0.21560609274488474,-0.23931538868548236,-0.21560609274488474
45,868,-0.23194638340548993,-0.22006086179284795,-0.23194638340548993
45,868,-0.22334218886479576,-0.21793536207093375,-0.22334218886479576
45,868,-0.21016792201807463,-0.2022441729473908,-0.21016792201807463
45,868,-0.1961953280545747,-0.2033069228083479,-0.1961953280545747
45,868,0.7106028069969195,0.7334758222764787,0.7106028069969195
45,868,0.003619177811287957,0.0,0.003619177811287957
45,902,-0.20609500558055713,0.07225786466805621,-0.20609500558055713
45,902,-0.0016408728996803003,-0.04383192896708045,-0.0016408728996803003
45,902,-0.06613676583748344,-0.11366084630173186,-0.06613676583748344
45,902,-0.09723639795777035,-0.17054922121178806,-0.09723639795777035
45,902,-0.13405172300415014,-0.1276016238895808,-0.13405172300415014
45,902,-0.19765981925065212,-0.13629116687034762,-0.19765981925065212
45,902,-0.1033639215251909,-0.134790814125467,-0.1033639215251909
45,902,-0.13663482371049437,-0.026390328307843443,-0.13663482371049437
45,902,-0.04528612898444378,-0.08252852684545935,-0.04528612898444378
45,902,-0.035249424138061584,0.00930556408077424,-0.035249424138061584
45,902,0.005414608946707037,-0.02695296058717367,0.005414608946707037
45,902,2.2190751812340928,2.344167008603509,2.2190751812340928
45,902,0.003551479272544561,0.0,0.003551479272544561
45,917,-0.2647478907874778,-0.2649464147438593,-0.2647478907874778
45,917,-0.27498626698390016,-0.2750737957718034,-0.27498626698390016
45,917,-0.27062160077512537,-0.28370082405486685,-0.27062160077512537
45,917,-0.28153600734462053,-0.2910150436861598,-0.28153600734462053
45,917,-0.2794128321620755,-0.2822629860076896,-0.2794128321620755
45,917,-0.2897056641140246,-0.2836383093571635,-0.2897056641140246
45,917,-0.2723531728437607,-0.28870199987113554,-0.2723531728437607
45,917,-0.27695169466498737,-0.2786371335408948,-0.27695169466498737
45,917,-0.27509609791423323,-0.2751988251672101,-0.27509609791423323
45,917,-0.2794782666204296,-0.26463384125534256,-0.2794782666204296
45,917,-0.26654092658617873,-0.26969753176931455,-0.26654092658617873
45,917,0.16990393955287003,0.08451074541791447,0.16990393955287003
45,917,-0.004974973009919746,0.0,-0.004974973009919746
46,21,0.04503928851808889,0.0,0.04503928851808889
46,295,-0.27711517279979,0.0,-0.27711517279979
47,322,-0.2897651749843019,-0.30783149736836324,-0.2897651749843019
47,322,-0.2814984535916216,-0.30783149736836324,-0.2814984535916216
47,322,-0.24122878760014058,-0.30770646797295653,-0.24122878760014058
47,322,-0.2993669164035837,-0.30783149736836324,-0.2993669164035837
47,322,-0.29545532327277496,-0.30783149736836324,-0.29545532327277496
47,322,-0.29609654585492273,-0.3073938944844397,-0.29609654585492273
47,322,0.01375543883260321,0.0,0.01375543883260321
47,323,-0.2849887186213234,-0.30783149736836324,-0.2849887186213234
47,323,-0.2814984535916216,-0.30783149736836324,-0.2814984535916216
47,323,-0.2555080196287029,-0.3077689826706599,-0.2555080196287029
47,323,-0.2982437382559541,-0.30783149736836324,-0.2982437382559541
47,323,-0.2788507949704872,-0.30783149736836324,-0.2788507949704872
47,323,-0.28562993852034096,-0.30783149736836324,-0.28562993852034096
47,323,-0.27470802843025577,-0.30783149736836324,-0.27470802843025577
47,323,-0.2823669215274893,-0.307268865089033,-0.2823669215274893
47,323,0.012299391016975709,0.0,0.012299391016975709
47,968,-0.2856312034406124,-0.30783149736836324,-0.2856312034406124
47,968,-0.23075311813904528,0.0,-0.23075311813904528
48,322,-0.30577200897238677,-0.30783149736836324,-0.30577200897238677
48,322,-0.28910956807024396,-0.3077689826706599,-0.28910956807024396
48,322,-0.29538952629411463,-0.30783149736836324,-0.29538952629411463
48,322,-0.27632322619719685,-0.30783149736836324,-0.27632322619719685
48,322,-0.29298295885297343,-0.3077689826706599,-0.29298295885297343
48,322,-0.28451799551382917,-0.30770646797295653,-0.28451799551382917
48,322,0.0028332170716599526,0.0,0.0028332170716599526
49,349,-0.2897651749843019,-0.30783149736836324,-0.2897651749843019
49,349,-0.2814984535916216,-0.30783149736836324,-0.2814984535916216
49,349,-0.23682174017393848,-0.3077689826706599,-0.23682174017393848
49,349,-0.28328919574705025,-0.30783149736836324,-0.28328919574705025
49,349,-0.29860670296584635,-0.3065186887165927,-0.29860670296584635
49,349,0.00928031648975131,0.0,0.00928031648975131
50,349,-0.2938582261597412,-0.3077689826706599,-0.2938582261597412
50,349,-0.2930149371350066,-0.30783149736836324,-0.2930149371350066
50,349,-0.28758677721321063,-0.30783149736836324,-0.28758677721321063
50,349,-0.300426951806591,-0.30783149736836324,-0.300426951806591
50,349,-0.2712466442997453,-0.30770646797295653,-0.2712466442997453
50,349,-0.29774665182577004,-0.30783149736836324,-0.29774665182577004
50,349,-0.2913674666324814,-0.3077689826706599,-0.2913674666324814
50,349,-0.29659076324481626,-0.30783149736836324,-0.29659076324481626
50,349,-0.29860670296584635,-0.3076439532752532,-0.29860670296584635
50,349,-0.30863841691515614,-0.30695629160051624,-0.30863841691515614
50,349,0.011270686651221813,0.0,0.011270686651221813
50,352,-0.3009955526094083,-0.3077689826706599,-0.3009955526094083
50,352,-0.2914627131003236,-0.30783149736836324,-0.2914627131003236
50,352,-0.28758677721321063,-0.30783149736836324,-0.28758677721321063
50,352,-0.28805364244491977,-0.3077689826706599,-0.28805364244491977
50,352,-0.28328919574705025,-0.3077689826706599,-0.28328919574705025
50,352,-0.3020370366902265,-0.3077689826706599,-0.3020370366902265
50,352,-0.29697672820974624,-0.30783149736836324,-0.29697672820974624
50,352,-0.2980502671312418,-0.3075189238798464,-0.2980502671312418
50,352,0.008544176661737823,0.0,0.008544176661737823
50,828,-0.28418819425987396,0.0,-0.28418819425987396
51,17,-0.2841124958131271,-0.30076733652788373,-0.2841124958131271
51,17,-0.29242362661158217,-0.3013924835049173,-0.29242362661158217
51,17,-0.2860110145842535,-0.3007048218301804,-0.2860110145842535
51,17,-0.2823640563013094,-0.3018926010865442,-0.2823640563013094
51,17,-0.28816745918218356,-0.3020176304819509,-0.28816745918218356
51,17,-0.29399254774598416,-0.3042681595992718,-0.29399254774598416
51,17,-0.2885596817699714,-0.2993294984807065,-0.2885596817699714
51,17,-0.3077427916872608,-0.2997045866669266,-0.3077427916872608
51,17,-0.2882328432039255,-0.30014218955085015,-0.2882328432039255
51,17,-0.28908286245216097,-0.29857932210826615,-0.28908286245216097
51,17,-0.29049521083352786,-0.2997045866669266,-0.29049521083352786
51,17,-0.17053949498348922,-0.2255621551907435,-0.17053949498348922
51,17,0.004900125007361239,0.0,0.004900125007361239
51,72,-0.22560892768607232,-0.3076439532752532,-0.22560892768607232
51,72,0.008691897743594067,0.0,0.008691897743594067
51,85,-0.16116534316405387,-0.1882408806618385,-0.16116534316405387
51,85,-0.1896919700149059,-0.1856777780560008,-0.1896919700149059
51,85,-0.1896978848958574,-0.17711326447064069,-0.1896978848958574
51,85,-0.20395793525254524,-0.22831280188969127,-0.20395793525254524
51,85,-0.181248551411396,-0.20211914355198407,-0.181248551411396
51,85,-0.2414075988093236,-0.20830809862461655,-0.2414075988093236
51,85,-0.17011212610641688,-0.18273958726394296,-0.17011212610641688
51,85,-0.19067721967095413,-0.1938046887574374,-0.19067721967095413
51,85,-0.1578689013975361,-0.20093136429562025,-0.1578689013975361
51,85,-0.15868485146270953,-0.1834272489386799,-0.15868485146270953
51,85,-0.1734223791986644,-0.15410785571580476,-0.1734223791986644
51,85,1.4715295856860773,1.0503628249348027,1.4715295856860773
51,85,0.0062257525246961825,0.0,0.0062257525246961825
51,92,-0.020004767393955326,-0.09153064331474296,-0.020004767393955326
51,92,-0.10683561292501988,-0.11003499383493706,-0.10683561292501988
51,92,-0.14094471909063894,-0.08021548303043508,-0.14094471909063894
51,92,-0.13019716252721575,-0.16829869209446716,-0.13019716252721575
51,92,-0.1273092522343074,-0.14585591561896147,-0.1273092522343074
51,92,-0.18885268414881068,-0.17973888177418174,-0.18885268414881068
51,92,-0.10892274928962328,-0.11728669876852664,-0.10892274928962328
51,92,-0.1439553094710781,-0.1370413432427879,-0.1439553094710781
51,92,-0.10048844114883453,-0.13329046138058642,-0.10048844114883453
51,92,-0.11663872622579234,-0.10397106815771129,-0.11663872622579234
51,92,-0.11081585484896142,-0.0752143072141664,-0.11081585484896142
51,92,2.1090524645142366,1.9461984430239294,2.1090524645142366
51,92,-0.0005668539689496325,0.0,-0.0005668539689496325
51,94,-0.28306329723570955,-0.2857638090790777,-0.28306329723570955
51,94,-0.26784583488948555,-0.28626392666070455,-0.26784583488948555
51,94,-0.2665131840635186,-0.28463854452041726,-0.2665131840635186
51,94,-0.27541627627882614,-0.29295299931496394,-0.27541627627882614
51,94,-0.27623174637533554,-0.2902023526160161,-0.27623174637533554
51,94,-0.2859578036843502,-0.29651633708405534,-0.2859578036843502
51,94,-0.2763866683018017,-0.28463854452041726,-0.2763866683018017
51,94,-0.2773514567332432,-0.2881393675918053,-0.2773514567332432
51,94,-0.2653607913785329,-0.2854512355905609,-0.2653607913785329
51,94,-0.2710738468069254,-0.28401339754338367,-0.2710738468069254
51,94,-0.26758382160794897,-0.2808251479605124,-0.26758382160794897
51,94,-0.00034423710659560805,-0.055897265623828636,-0.00034423710659560805
51,94,0.004085881906311688,0.0,0.004085881906311688
51,137,-0.13907099928970448,-0.16285991339427497,-0.13907099928970448
51,137,-0.1752960691188551,-0.17142442697963506,-0.1752960691188551
51,137,-0.165215492403396,-0.1476063271546555,-0.165215492403396
51,137,-0.16424984215210048,-0.2207485234675849,-0.16424984215210048
51,137,-0.1523765628466312,-0.19749305592193556,-0.1523765628466312
51,137,-0.2384343421012507,-0.21330927444088524,-0.2384343421012507
51,137,-0.16413719281329145,-0.18361479303178996,-0.16413719281329145
51,137,-0.1820488816909349,-0.19855580578289264,-0.1820488816909349
51,137,-0.16882954535989375,-0.1823644990777228,-0.16882954535989375
51,137,-0.17369836024558274,-0.1584213698573365,-0.17369836024558274
51,137,-0.16986548775453994,-0.15792125227570963,-0.16986548775453994
51,137,1.2685727508651932,1.1855821160671671,1.2685727508651932
51,137,0.005623525643862235,0.0,0.005623525643862235
51,152,-0.2987747585179924,-0.30783149736836324,-0.2987747585179924
51,152,-0.22327050121948847,-0.30770646797295653,-0.22327050121948847
51,152,0.02641833551849898,0.0,0.02641833551849898
51,195,-0.23869576431975648,-0.26419623837141903,-0.23869576431975648
51,195,-0.2537525342758044,-0.267509517349697,-0.2537525342758044
51,195,-0.2555484722127902,-0.2665717968841467,-0.2555484722127902
51,195,-0.26031133806880385,-0.2807001185651057,-0.26031133806880385
51,195,-0.25784778438427136,-0.26700939976807014,-0.25784778438427136
51,195,-0.27480090285630004,-0.27738683958682764,-0.27480090285630004
51,195,-0.25343950322538733,-0.2660716793025198,-0.25343950322538733
51,195,-0.2543659976396271,-0.27076028163027166,-0.2543659976396271
51,195,-0.255566049529515,-0.27032267874634813,-0.255566049529515
51,195,-0.2566160236112858,-0.2527560486917044,-0.2566160236112858
51,195,-0.25288368596259164,-0.26207073864950486,-0.25288368596259164
51,195,0.2219747261223375,0.2387345046520998,0.2219747261223375
51,195,0.0036245538556679466,0.0,0.0036245538556679466
51,203,-0.2428208349979248,-0.26238331213802163,-0.2428208349979248
51,203,-0.24813547242159562,-0.2660716793025198,-0.24813547242159562
51,203,-0.2527523197648208,-0.26007026832299734,-0.2527523197648208
51,203,-0.25250700447472696,-0.281450294937546,-0.25250700447472696
51,203,-0.2503412163896018,-0.26600916460481644,-0.2503412163896018
51,203,-0.27403922269127595,-0.2785121041454881,-0.27403922269127595
51,203,-0.24374429823776717,-0.2675720320474004,-0.24374429823776717
51,203,-0.25748338830337086,-0.2643837824645291,-0.25748338830337086
51,203,-0.2530838629033393,-0.26969753176931455,-0.2530838629033393
51,203,-0.2487476488898758,-0.25481903371591524,-0.2487476488898758
51,203,-0.24604845547450516,-0.2510056371560104,-0.24604845547450516
51,203,0.3372247461670913,0.254988326054973,0.3372247461670913
51,203,0.005908821912107655,0.0,0.005908821912107655
51,209,-0.21205321936108135,-0.2702601640486448,-0.21205321936108135
51,209,-0.26207008245318375,-0.2690098700945776,-0.26207008245318375
51,209,-0.2585600474247245,-0.26713442916347685,-0.2585600474247245
51,209,-0.2637833908306037,-0.28207544191457956,-0.2637833908306037
51,209,-0.2559873867525359,-0.27601151623735376,-0.2559873867525359
51,209,-0.2736732696966189,-0.28113772144902915,-0.2736732696966189
51,209,-0.25853466990354784,-0.2685097525129508,-0.25853466990354784
51,209,-0.26500928807757274,-0.26844723781524743,-0.26500928807757274
51,209,-0.25826454765807816,-0.26625922339562985,-0.25826454765807816
51,209,-0.2545661634838991,-0.25694453343782947,-0.2545661634838991
51,209,-0.24100964229907665,-0.2515682694353406,-0.24100964229907665
51,209,0.31309388326293774,0.1788454242522824,0.31309388326293774
51,209,0.005286190846700519,0.0,0.005286190846700519
51,210,-0.2922718867860857,-0.30451821839008525,-0.2922718867860857
51,210,-0.2924963514456996,-0.30489330657630537,-0.2924963514456996
51,210,-0.29597544045409546,-0.30501833597171213,-0.29597544045409546
51,210,-0.2961877565008012,-0.30564348294874566,-0.2961877565008012
51,210,-0.295077498450749,-0.3053309094602289,-0.295077498450749
51,210,-0.3005283193277599,-0.3062061152280759,-0.3005283193277599
51,210,-0.2953496999755525,-0.3050808506694155,-0.2953496999755525
51,210,-0.2993555585176345,-0.3050808506694155,-0.2993555585176345
51,210,-0.29856077476610954,-0.3049558212740087,-0.29856077476610954
51,210,-0.2987466297977466,-0.3040806155061617,-0.2987466297977466
51,210,-0.2980945594688726,-0.30389307141305166,-0.2980945594688726
51,210,-0.24653258682054272,-0.269947590560128,-0.24653258682054272
51,210,0.005384059369139706,0.0,0.005384059369139706
51,248,-0.2897651749843019,-0.30783149736836324,-0.2897651749843019
51,248,-0.2536492983574063,-0.30783149736836324,-0.2536492983574063
51,248,0.06836349604418801,0.0,0.06836349604418801
51,261,-0.2559316708979671,-0.27032267874634813,-0.2559316708979671
51,261,-0.25987223343244303,-0.27794947186615787,-0.25987223343244303
51,261,-0.2603982863664063,-0.275698942748837,-0.2603982863664063
51,261,-0.26724265975120376,-0.28176286842606274,-0.26724265975120376
51,261,-0.26140365191443554,-0.28126275084443586,-0.26140365191443554
51,261,-0.2759136827691984,-0.2771367807960142,-0.2759136827691984
51,261,-0.2536436863664249,-0.27588648684194705,-0.2536436863664249
51,261,-0.259649169396858,-0.28132526554213927,-0.259649169396858
51,261,-0.26218511255428095,-0.27919976582022504,-0.26218511255428095
51,261,-0.26511936281117526,-0.2688848406991709,-0.26511936281117526
51,261,-0.2624093540960309,-0.27419859000395636,-0.2624093540960309
51,261,0.09839429084195478,0.069257159178295,0.09839429084195478
51,261,0.004068699499611588,0.0,0.004068699499611588
51,262,-0.2849887186213234,-0.30783149736836324,-0.2849887186213234
51,262,-0.27959944580378865,-0.3077689826706599,-0.27959944580378865
51,262,-0.2650348806244209,-0.30733137978673636,-0.2650348806244209
51,262,0.012832477578432262,0.0,0.012832477578432262
51,267,-0.27711517279979,-0.30783149736836324,-0.27711517279979
51,267,-0.25398100498398285,-0.30783149736836324,-0.25398100498398285
51,267,-0.24973219346796646,-0.3077689826706599,-0.24973219346796646
51,267,0.025966997277728027,0.0,0.025966997277728027
51,322,-0.25419754150667356,-0.30770646797295653,-0.25419754150667356
51,322,0.006385208178586365,0.0,0.006385208178586365
51,323,-0.2849887186213234,-0.30783149736836324,-0.2849887186213234
51,323,-0.2536492983574063,-0.30783149736836324,-0.2536492983574063
51,323,-0.2356905202581149,-0.3073938944844397,-0.2356905202581149
51,323,0.012214220039175147,0.0,0.012214220039175147
51,328,-0.22171180419897657,-0.27726181019142093,-0.22171180419897657
51,328,-0.2615389214343034,-0.27869964823859816,-0.2615389214343034
51,328,-0.2607953487338614,-0.2770117514006075,-0.2607953487338614
51,328,-0.2682085012900255,-0.2878893088009919,-0.2682085012900255
51,328,-0.26249943046399266,-0.28320070647324,-0.26249943046399266
51,328,-0.2787220020172043,-0.2887645145688389,-0.2787220020172043
51,328,-0.2635021565695601,-0.2753863692603202,-0.2635021565695601
51,328,-0.2670086871444047,-0.28088766265821574,-0.2670086871444047
51,328,-0.259026396872322,-0.27951233930874186,-0.259026396872322
51,328,-0.2602231204259411,-0.2725106931659657,-0.2602231204259411
51,328,-0.26497069203102375,-0.2736359577246262,-0.26497069203102375
51,328,0.060953741252651066,0.021558444830632496,0.060953741252651066
51,328,0.005876838873922205,0.0,0.005876838873922205
51,340,-0.30405377850658155,-0.30783149736836324,-0.30405377850658155
51,340,-0.2814984535916216,-0.30783149736836324,-0.2814984535916216
51,340,-0.23682174017393848,-0.30783149736836324,-0.23682174017393848
51,340,-0.2692144960080689,-0.3077689826706599,-0.2692144960080689
51,340,-0.2829294838859097,-0.30783149736836324,-0.2829294838859097
51,340,-0.28519747475616225,-0.3075189238798464,-0.28519747475616225
51,340,0.008687727486214023,0.0,0.008687727486214023
51,348,-0.2897651749843019,-0.3075189238798464,-0.2897651749843019
51,348,0.008538654354313337,0.0,0.008538654354313337
51,349,-0.05476244870835392,-0.12885191784364797,-0.05476244870835392
51,349,-0.13396118530024098,-0.15429539980891485,-0.13396118530024098
51,349,-0.13468684773717754,-0.13929187236010881,-0.13468684773717754
51,349,-0.16579490809680344,-0.19936849685303631,-0.16579490809680344
51,349,-0.1403885900971412,-0.2025567464359076,-0.1403885900971412
51,349,-0.20297692336292195,-0.2070578046705494,-0.20297692336292195
51,349,-0.1439223710624887,-0.1536077381341779,-0.1439223710624887
51,349,-0.18964099738574433,-0.16754851572202684,-0.18964099738574433
51,349,-0.15417293570999366,-0.1427926954314969,-0.15417293570999366
51,349,-0.13805765922155322,-0.1180993898386703,-0.13805765922155322
51,349,-0.1311486756304179,-0.1279141973780976,-0.1311486756304179
51,349,1.8066888508852066,1.4655854470805096,1.8066888508852066
51,349,0.005127856170655337,0.0,0.005127856170655337
51,352,-0.14192309063136205,-0.20149399657495048,-0.14192309063136205
51,352,-0.1915366252571061,-0.222686479096389,-0.1915366252571061
51,352,-0.2040511056233206,-0.21130880411437777,-0.2040511056233206
51,352,-0.2305803616078946,-0.24456662329256448,-0.2305803616078946
51,352,-0.20366733215590646,-0.24125334431428647,-0.20366733215590646
51,352,-0.24553545075479885,-0.24831750515476597,-0.24553545075479885
51,352,-0.2045517699655573,-0.2169976416053834,-0.2045517699655573
51,352,-0.22649368360494476,-0.22637484626088716,-0.22649368360494476
51,352,-0.20683023203105666,-0.22612478747007372,-0.20683023203105666
51,352,-0.21382329001169548,-0.2031193787152378,-0.21382329001169548
51,352,-0.2056065041076114,-0.20461973146011841,-0.2056065041076114
51,352,0.6408118311206109,0.6635843902441239,0.6408118311206109
51,352,0.0044207310567177084,0.0,0.0044207310567177084
51,353,-0.298495085525095,-0.3066437181119994,-0.298495085525095
51,353,-0.2930824059032864,-0.3067687475074061,-0.2930824059032864
51,353,-0.2868560966478416,-0.30658120341429607,-0.2868560966478416
51,353,-0.29758337339646246,-0.307268865089033,-0.29758337339646246
51,353,-0.29494694339156324,-0.307268865089033,-0.29494694339156324
51,353,-0.30305178027270874,-0.307268865089033,-0.30305178027270874
51,353,-0.29217363512868066,-0.3068312622051095,-0.29217363512868066
51,353,-0.3018209816884337,-0.3068312622051095,-0.3018209816884337
51,353,-0.29857856104822245,-0.30626862992577925,-0.29857856104822245
51,353,-0.30145879188690655,-0.306393659321186,-0.30145879188690655
51,353,-0.29960568137231774,-0.306393659321186,-0.29960568137231774
51,353,-0.285082303375165,-0.29426580796673446,-0.285082303375165
51,353,0.005077900345478118,0.0,0.005077900345478118
51,375,-0.1496811241467733,-0.222686479096389,-0.1496811241467733
51,375,-0.2159438430065424,-0.2323137425427062,-0.2159438430065424
51,375,-0.23202026422249442,-0.21662255341916323,-0.23202026422249442
51,375,-0.22988134691618703,-0.2555066953906522,-0.22988134691618703
51,375,-0.21152840747274101,-0.2546314896228052,-0.21152840747274101
51,375,-0.25175516768271705,-0.26538401762778285,-0.25175516768271705
51,375,-0.2243093200403038,-0.22581221398155693,-0.2243093200403038
51,375,-0.24421260637418526,-0.22412431714356626,-0.24421260637418526
51,375,-0.230495960905804,-0.23000069872768195,-0.230495960905804
51,375,-0.21432141301663282,-0.20624511360040573,-0.21432141301663282
51,375,-0.2170951033670365,-0.1980556882012658,-0.2170951033670365
51,375,0.7667592538676132,0.6397662904191443,0.7667592538676132
51,375,0.006225935101238857,0.0,0.006225935101238857
51,393,-0.29244312553842283,-0.30245523336587443,-0.29244312553842283
51,393,-0.2901819441611947,-0.3036430126222382,-0.2901819441611947
51,393,-0.29618312134907554,-0.303955586110755,-0.29618312134907554
51,393,-0.3038871547078043,-0.3045807330877886,-0.3038871547078043
51,393,-0.29477562999658613,-0.3045807330877886,-0.29477562999658613
51,393,-0.297546993150581,-0.30551845355333895,-0.297546993150581
51,393,-0.3020478654051316,-0.30376804201764496,-0.3020478654051316
51,393,-0.3091615085968854,-0.30376804201764496,-0.3091615085968854
51,393,-0.30524294882702036,-0.3028928362497979,-0.30524294882702036
51,393,-0.29743292799631,-0.3018926010865442,-0.29743292799631
51,393,-0.2963160245180224,-0.301517512900324,-0.2963160245180224
51,393,-0.25130595509488135,-0.2537562838549582,-0.25130595509488135
51,393,0.0033324994671543144,0.0,0.0033324994671543144
51,406,-0.0031857197022407513,0.0,-0.0031857197022407513
51,415,-0.2907051987782687,-0.30614360053037254,-0.2907051987782687
51,415,-0.301804974284548,-0.3067687475074061,-0.301804974284548
51,415,-0.2878857048254062,-0.3065186887165927,-0.2878857048254062
51,415,-0.3075802538671602,-0.30720635039132965,-0.3075802538671602
51,415,-0.29495284683824763,-0.3067062328097028,-0.29495284683824763
51,415,-0.31280444251275813,-0.3068312622051095,-0.31280444251275813
51,415,-0.30388812485303685,-0.30708132099592295,-0.30388812485303685
51,415,-0.3072154708684493,-0.30614360053037254,-0.3072154708684493
51,415,-0.3108228847807632,-0.3066437181119994,-0.3108228847807632
51,415,-0.3068766300721162,-0.30645617401888936,-0.3068766300721162
51,415,-0.30857345574607237,-0.3059560564372625,-0.30857345574607237
51,415,-0.2886728062272934,-0.2954535872230983,-0.2886728062272934
51,415,-0.0012328143192722907,0.0,-0.0012328143192722907
51,470,-0.28132349923009664,-0.29063995549993965,-0.28132349923009664
51,470,-0.2678759408344076,-0.292265337640227,-0.2678759408344076
51,470,-0.28415269212678207,-0.29139013187237994,-0.28415269212678207
51,470,-0.2889483157204768,-0.29757908694501245,-0.2889483157204768
51,470,-0.2829290351702523,-0.2961412488978352,-0.2829290351702523
51,470,-0.2912339792348776,-0.296453822386352,-0.2912339792348776
51,470,-0.28417095241133056,-0.289827264429796,-0.28417095241133056
51,470,-0.2836531170873447,-0.2949534696414714,-0.2836531170873447
51,470,-0.27531662127979534,-0.29139013187237994,-0.27531662127979534
51,470,-0.2803502527630531,-0.2900773232206094,-0.2803502527630531
51,470,-0.2785399558989205,-0.287389191219365,-0.2785399558989205
51,470,-0.07801572447956108,-0.11041008202115721,-0.07801572447956108
51,470,-0.0009356193144216701,0.0,-0.0009356193144216701
51,479,-0.1826622592230092,-0.18930363052279559,-0.1826622592230092
51,479,-0.1865046856645891,-0.21368436262710538,-0.1865046856645891
51,479,-0.1890534175480435,-0.1984932910851893,-0.1890534175480435
51,479,-0.2093238218331731,-0.2466296083167753,-0.2093238218331731
51,479,-0.1934679689170321,-0.23769000654519504,-0.1934679689170321
51,479,-0.2512389256562657,-0.2484425345501727,-0.2512389256562657
51,479,-0.21057317311707477,-0.21831045025715393,-0.21057317311707477
51,479,-0.2307619931564706,-0.222686479096389,-0.2307619931564706
51,479,-0.20300311446808317,-0.21399693611562218,-0.20300311446808317
51,479,-0.20937095995598776,-0.19911843806222287,-0.20937095995598776
51,479,-0.1983519354751012,-0.18667801321925453,-0.1983519354751012
51,479,0.8565452798464325,0.7789865222045236,0.8565452798464325
51,479,0.0037564956515803278,0.0,0.0037564956515803278
51,525,-0.2937753363176154,-0.3077689826706599,-0.2937753363176154
51,525,-0.2933520308051513,-0.30783149736836324,-0.2933520308051513
51,525,-0.2850840524548644,-0.3077689826706599,-0.2850840524548644
51,525,-0.30161836493949223,-0.30783149736836324,-0.30161836493949223
51,525,-0.27908417793710294,-0.30770646797295653,-0.27908417793710294
51,525,-0.30511341321765645,-0.30783149736836324,-0.30511341321765645
51,525,-0.29507371754185563,-0.3076439532752532,-0.29507371754185563
51,525,-0.29180330003417804,-0.30633114462348265,-0.29180330003417804
51,525,0.008546061012550808,0.0,0.008546061012550808
51,545,-0.19646958296151057,-0.1716744857704485,-0.19646958296151057
51,545,-0.18816962560948863,-0.19555510029313145,-0.18816962560948863
51,545,-0.16754978452128097,-0.18442748410193363,-0.16754978452128097
51,545,-0.20107418292362375,-0.23337649240366332,-0.20107418292362375
51,545,-0.17880913165222312,-0.2181854208617472,-0.17880913165222312
51,545,-0.2538625176460163,-0.23350152179907002,-0.2538625176460163
51,545,-0.19248143587377037,-0.20530739313485535,-0.19248143587377037
51,545,-0.20709180363326923,-0.20724534876365946,-0.20709180363326923
51,545,-0.1953272705124086,-0.1909290126630829,-0.1953272705124086
51,545,-0.18066910577000478,-0.18398988121801013,-0.18066910577000478
51,545,-0.1866140369378442,-0.19242936540796352,-0.1866140369378442
51,545,0.9294685387640058,0.9627172187546942,0.9294685387640058
51,545,0.004779919987285092,0.0,0.004779919987285092
51,546,-0.2816702403709569,-0.2866390148469247,-0.2816702403709569
51,546,-0.2680584657709074,-0.28901457335965236,-0.2680584657709074
51,546,-0.27510995532413207,-0.28638895605611125,-0.27510995532413207
51,546,-0.2821140168514788,-0.29501598433917475,-0.2821140168514788
51,546,-0.28228849024274855,-0.29038989670912624,-0.28228849024274855
51,546,-0.28671360836372245,-0.29395323447821764,-0.28671360836372245
51,546,-0.2745648346460677,-0.28820188228950866,-0.2745648346460677
51,546,-0.2754439071402437,-0.2910150436861598,-0.2754439071402437
51,546,-0.27707500733348134,-0.2875142206147717,-0.27707500733348134
51,546,-0.2752805900283513,-0.2875142206147717,-0.2752805900283513
51,546,-0.272625792867445,-0.287389191219365,-0.272625792867445
51,546,-0.04493261397483952,-0.07796495391311417,-0.04493261397483952
51,546,-0.0004444083276462965,0.0,-0.0004444083276462965
51,569,-0.29861162174078587,-0.30733137978673636,-0.29861162174078587
51,569,-0.30735814120426513,-0.30770646797295653,-0.30735814120426513
51,569,-0.28945034943456316,-0.3077689826706599,-0.28945034943456316
51,569,-0.29610812305022416,-0.30783149736836324,-0.29610812305022416
51,569,-0.29311037079470675,-0.30770646797295653,-0.29311037079470675
51,569,-0.3068199736753442,-0.30783149736836324,-0.3068199736753442
51,569,-0.28800325563226764,-0.30770646797295653,-0.28800325563226764
51,569,-0.30258631711922873,-0.30783149736836324,-0.30258631711922873
51,569,-0.2909858609015621,-0.3075814385775498,-0.2909858609015621
51,569,-0.29855363478283825,-0.3077689826706599,-0.29855363478283825
51,569,-0.3055420622736781,-0.30783149736836324,-0.3055420622736781
51,569,-0.2966175255554741,-0.3054559388556356,-0.2966175255554741
51,569,0.009612654515665188,0.0,0.009612654515665188
51,592,-0.0015936557257550956,-0.02407728449281918,-0.0015936557257550956
51,592,-0.06405039311347094,-0.07608951298201341,-0.06405039311347094
51,592,-0.06564095618014865,-0.043394326083156944,-0.06564095618014865
51,592,-0.08169263950335215,-0.13191513803111252,-0.08169263950335215
51,592,-0.0903663932639924,-0.10403358285541466,-0.0903663932639924
51,592,-0.1905185382138231,-0.12597624174929348,-0.1905185382138231
51,592,-0.030411258316733126,-0.09290596666421684,-0.030411258316733126
51,592,-0.09459543311299647,-0.10265825950594076,-0.09459543311299647
51,592,-0.07149946634649783,-0.09271842257110677,-0.07149946634649783
51,592,-0.11778746494897979,-0.051083633900670035,-0.11778746494897979
51,592,-0.07194316489876669,-0.050896089807559955,-0.07194316489876669
51,592,2.471840523422485,2.4343757173894556,2.471840523422485
51,592,0.001770841002612438,0.0,0.001770841002612438
51,598,-0.28418819425987396,-0.30783149736836324,-0.28418819425987396
51,598,-0.2271359070298046,-0.30783149736836324,-0.2271359070298046
51,598,0.06984879762437861,0.0,0.06984879762437861
51,602,-0.12585701953580994,-0.14585591561896147,-0.12585701953580994
51,602,-0.134431061933931,-0.1775508673545642,-0.134431061933931
51,602,-0.1692855344584157,-0.1582963404619298,-0.1692855344584157
51,602,-0.18975794430176862,-0.20880821620624343,-0.18975794430176862
51,602,-0.14197613572172077,-0.20018118792317996,-0.14197613572172077
51,602,-0.23118821488536667,-0.2055574519256688,-0.23118821488536667
51,602,-0.14854911823920272,-0.19149164494241314,-0.14854911823920272
51,602,-0.1781722033199901,-0.20111890838873034,-0.1781722033199901
51,602,-0.16647401311487248,-0.17592548521427687,-0.16647401311487248
51,602,-0.17635332941309045,-0.16198470762642794,-0.17635332941309045
51,602,-0.1751234522288915,-0.1605468695792507,-0.1751234522288915
51,602,1.2313524957902802,1.1401339308368255,1.2313524957902802
51,602,0.004500448153941915,0.0,0.004500448153941915
51,642,0.012044923770076049,0.0024914620311081675,0.012044923770076049
51,642,-0.059524543144635796,-0.08440396777656009,-0.059524543144635796
51,642,-0.017342650148506496,-0.060460838556173804,-0.017342650148506496
51,642,-0.07221658275234492,-0.1423550925475734,-0.07221658275234492
51,642,-0.12663533968059043,-0.1298521530069017,-0.12663533968059043
51,642,-0.18302548606540897,-0.15535814966987194,-0.18302548606540897
51,642,-0.06614215868666026,-0.08596683521914406,-0.06614215868666026
51,642,-0.11094050402655219,-0.11266061113847811,-0.11094050402655219
51,642,-0.10036808923542655,-0.0744641308417261,-0.10036808923542655
51,642,-0.0779805552296819,-0.0607734120446906,-0.0779805552296819
51,642,-0.05645727167001406,-0.061648617812537616,-0.05645727167001406
51,642,2.259395018006041,2.315222703566854,2.259395018006041
51,642,-0.0005631834866244145,0.0,-0.0005631834866244145
51,646,-0.2875088036142933,-0.3058935417395591,-0.2875088036142933
51,646,-0.2936282499103234,-0.3058310270418558,-0.2936282499103234
51,646,-0.2871747993140128,-0.30570599764644907,-0.2871747993140128
51,646,-0.2980385905794755,-0.30658120341429607,-0.2980385905794755
51,646,-0.2956529608814201,-0.30564348294874566,-0.2956529608814201
51,646,-0.3023981463033192,-0.3058310270418558,-0.3023981463033192
51,646,-0.29458548366549026,-0.30514336536711884,-0.29458548366549026
51,646,-0.2985136169561621,-0.30626862992577925,-0.2985136169561621
51,646,-0.2981523740998476,-0.3060810858326692,-0.2981523740998476
51,646,-0.29731040948306453,-0.30539342415793225,-0.29731040948306453
51,646,-0.299464278122052,-0.30539342415793225,-0.299464278122052
51,646,-0.2708170844068862,-0.2830131623801299,-0.2708170844068862
51,646,0.007554750119433056,0.0,0.007554750119433056
51,653,-0.28140060679353873,-0.2847010592181206,-0.28140060679353873
51,653,-0.25724008860223335,-0.2897022350343893,-0.25724008860223335
51,653,-0.2721313420468095,-0.28820188228950866,-0.2721313420468095
51,653,-0.2828932971436349,-0.2919527641517102,-0.2828932971436349
51,653,-0.2761989520711969,-0.29270294052415047,-0.2761989520711969
51,653,-0.2864407174520081,-0.2965788517817587,-0.2864407174520081
51,653,-0.2778646003757656,-0.289827264429796,-0.2778646003757656
51,653,-0.2850141677379115,-0.29201527884941353,-0.2850141677379115
51,653,-0.27749521117310627,-0.28913960275505907,-0.27749521117310627
51,653,-0.2753583690799217,-0.2845760298227139,-0.2753583690799217
51,653,-0.271265564556305,-0.28676404424233143,-0.271265564556305
51,653,-0.04659142478963267,-0.07984039484421493,-0.04659142478963267
51,653,0.0015433240757669773,0.0,0.0015433240757669773
51,676,-0.28327658622537627,-0.2942032932690311,-0.28327658622537627
51,676,-0.29570061392266517,-0.2979541751312326,-0.29570061392266517
51,676,-0.2866057880191649,-0.2959537048047251,-0.2866057880191649
51,676,-0.2819593903691681,-0.29926698378300315,-0.2819593903691681
51,676,-0.2860628482075254,-0.2979541751312326,-0.2860628482075254
51,676,-0.2946598920776743,-0.2997045866669266,-0.2946598920776743
51,676,-0.2827899728929167,-0.2990169249921897,-0.2827899728929167
51,676,-0.2893364363930178,-0.2994545278761132,-0.2893364363930178
51,676,-0.29070870598688014,-0.29664136647946204,-0.29070870598688014
51,676,-0.29074072178176064,-0.2965788517817587,-0.29074072178176064
51,676,-0.2875944040134187,-0.2975165722473091,-0.2875944040134187
51,676,-0.16864526458750118,-0.20018118792317996,-0.16864526458750118
51,676,0.0025779816286498453,0.0,0.0025779816286498453
51,677,-0.13798919037313137,-0.08246601214775598,-0.13798919037313137
51,677,-0.096534919224649,-0.15191984129618724,-0.096534919224649
51,677,-0.11702769505112193,-0.11484862555809566,-0.11702769505112193
51,677,-0.15267400175383064,-0.1837398224271967,-0.15267400175383064
51,677,-0.13534073071141386,-0.15910903153207345,-0.13534073071141386
51,677,-0.21184266895734963,-0.17017413302556791,-0.21184266895734963
51,677,-0.12932865884608788,-0.11897459560651732,-0.12932865884608788
51,677,-0.13226206351517042,-0.14885662110872266,-0.13226206351517042
51,677,-0.11494522122043925,-0.13854169598766852,-0.11494522122043925
51,677,-0.11720426861953445,-0.10409609755311801,-0.11720426861953445
51,677,-0.10456133242876313,-0.11159786127752103,-0.10456133242876313
51,677,1.757648970876021,1.7750957154098372,1.757648970876021
51,677,0.0004281894955280373,0.0,0.0004281894955280373
51,705,-0.2770348993047881,-0.2890770880573557,-0.2770348993047881
51,705,-0.26937898609317423,-0.296453822386352,-0.26937898609317423
51,705,-0.2851130020594476,-0.29151516126778665,-0.2851130020594476
51,705,-0.28428805215648,-0.2976416016427158,-0.28428805215648
51,705,-0.28537400729296486,-0.2990169249921897,-0.28537400729296486
51,705,-0.2907633800715793,-0.2983917780151561,-0.2907633800715793
51,705,-0.28634493194071153,-0.2959537048047251,-0.28634493194071153
51,705,-0.2892264896066795,-0.29726651345649563,-0.2892264896066795
51,705,-0.28635923238219463,-0.2965788517817587,-0.28635923238219463
51,705,-0.2889471370005037,-0.2946408961529546,-0.2889471370005037
51,705,-0.2876855565536863,-0.29332808750118405,-0.2876855565536863
51,705,-0.1475626703773664,-0.168798809676094,-0.1475626703773664
51,705,0.009226070533487837,0.0,0.009226070533487837
51,707,-0.13192977944097933,-0.11622394890756955,-0.13192977944097933
51,707,-0.1282708679604487,-0.18305216075245975,-0.1282708679604487
51,707,-0.16516297987145728,-0.15041948855130663,-0.16516297987145728
51,707,-0.1615380502385716,-0.20324440811064454,-0.1615380502385716
51,707,-0.15064528405367483,-0.177863440843081,-0.15064528405367483
51,707,-0.2244514008677102,-0.1930545123849971,-0.2244514008677102
51,707,-0.14680427713989871,-0.15223241478470403,-0.14680427713989871
51,707,-0.15732040136256298,-0.188678483545762,-0.15732040136256298
51,707,-0.12134371763363876,-0.18467754289274707,-0.12134371763363876
51,707,-0.17300349100779122,-0.1524199588778141,-0.17300349100779122
51,707,-0.1498320888617043,-0.16648576586106975,-0.1498320888617043
51,707,1.240487355251177,1.3283031709239344,1.240487355251177
51,707,0.004726604733785331,0.0,0.004726604733785331
51,712,-0.2888189718950772,-0.3005172777370703,-0.2888189718950772
51,712,-0.291042685036393,-0.30220517457506096,-0.291042685036393
51,712,-0.2947587969072844,-0.30195511578424755,-0.2947587969072844
51,712,-0.2949734281209051,-0.3049558212740087,-0.2949734281209051
51,712,-0.29505385688888686,-0.3036430126222382,-0.29505385688888686
51,712,-0.3014751494415741,-0.30439318899467854,-0.3014751494415741
51,712,-0.293620662212186,-0.30089236592329044,-0.293620662212186
51,712,-0.2994489347963162,-0.30195511578424755,-0.2994489347963162
51,712,-0.2917539520803051,-0.3009548806209938,-0.2917539520803051
51,712,-0.29322828005419516,-0.3013924835049173,-0.29322828005419516
51,712,-0.29240101685849174,-0.30233020397046767,-0.29240101685849174
51,712,-0.2328651187649538,-0.24412902040864096,-0.2328651187649538
51,712,0.004791908432424481,0.0,0.004791908432424481
51,713,-0.19462945740883522,-0.15798376697341301,-0.19462945740883522
51,713,-0.16352990456673028,-0.20643265769351582,-0.16352990456673028
51,713,-0.16917062724546109,-0.19217930661715008,-0.16917062724546109
51,713,-0.2070248175636332,-0.24075322673265961,-0.2070248175636332
51,713,-0.18624623551449168,-0.22206133211935541,-0.18624623551449168
51,713,-0.25253725723882925,-0.23300140421744314,-0.25253725723882925
51,713,-0.1959196355749766,-0.1951800121069113,-0.1959196355749766
51,713,-0.20553775335597096,-0.19749305592193556,-0.20553775335597096
51,713,-0.18020262361518707,-0.20593254011188894,-0.18020262361518707
51,713,-0.17453536862278604,-0.17492525005102313,-0.17453536862278604
51,713,-0.16942005132107962,-0.1809891757282489,-0.16942005132107962
51,713,1.1752453623355836,0.8823233175081752,1.1752453623355836
51,713,0.006466492178060994,0.0,0.006466492178060994
51,827,-0.2889646506228524,-0.30783149736836324,-0.2889646506228524
51,827,-0.30941652623956956,-0.30783149736836324,-0.30941652623956956
51,827,0.0740678225534232,0.0,0.0740678225534232
51,828,-0.004418280745832523,0.01586960733962688,-0.004418280745832523
51,828,-0.04079424171679436,-0.08909257010431197,-0.04079424171679436
51,828,-0.018858159662225784,-0.05333416301799094,-0.018858159662225784
51,828,-0.10152760775962714,-0.14816895943398573,-0.10152760775962714
51,828,-0.12362770084132921,-0.10934733216020012,-0.12362770084132921
51,828,-0.19415666812725962,-0.14198000436135325,-0.19415666812725962
51,828,-0.09106596048479024,-0.07946530665799477,-0.09106596048479024
51,828,-0.07204539672661486,-0.1169116105823065,-0.07204539672661486
51,828,-0.07527917100832504,-0.11684909588460314,-0.07527917100832504
51,828,-0.10094319257038233,-0.060335809160767084,-0.10094319257038233
51,828,-0.07556893352656517,-0.08565426173062726,-0.07556893352656517
51,828,2.1695814348306826,2.4388767756240974,2.1695814348306826
51,828,0.004166565804846155,0.0,0.004166565804846155
51,829,-0.0014581386360734926,0.0,-0.0014581386360734926
51,830,-0.2587745203431231,-0.3076439532752532,-0.2587745203431231
51,830,0.008406392129111463,0.0,0.008406392129111463
51,833,-0.29623375842950855,-0.3052058800648222,-0.29623375842950855
51,833,-0.29229005348573134,-0.30564348294874566,-0.29229005348573134
51,833,-0.2982238174413018,-0.303955586110755,-0.2982238174413018
51,833,-0.29849030375844404,-0.3062061152280759,-0.29849030375844404
51,833,-0.29483692970618525,-0.30564348294874566,-0.29483692970618525
51,833,-0.30164874356670146,-0.3059560564372625,-0.30164874356670146
51,833,-0.29536664065521046,-0.3044557036923819,-0.29536664065521046
51,833,-0.3019231603486163,-0.3053309094602289,-0.3019231603486163
51,833,-0.29779254078546785,-0.30633114462348265,-0.29779254078546785
51,833,-0.2979437135382163,-0.30433067429697513,-0.2979437135382163
51,833,-0.2999825680692769,-0.3041431302038651,-0.2999825680692769
51,833,-0.26392110890378007,-0.26988507586242466,-0.26392110890378007
51,833,0.00887758415344447,0.0,0.00887758415344447
51,834,-0.28897730277811534,-0.30783149736836324,-0.28897730277811534
51,834,-0.27942374214118965,-0.3077689826706599,-0.27942374214118965
51,834,-0.2668023214487467,-0.3077689826706599,-0.2668023214487467
51,834,0.020231184485586275,0.0,0.020231184485586275
51,841,-0.24121950914508739,-0.25031797548127344,-0.24121950914508739
51,841,-0.24096658614546465,-0.26882232600146755,-0.24096658614546465
51,841,-0.2477602986927784,-0.26344606199897874,-0.2477602986927784
51,841,-0.2524890485210662,-0.2797623980995553,-0.2524890485210662
51,841,-0.25156122306996304,-0.2759490015396504,-0.25156122306996304
51,841,-0.27116814968274383,-0.27319835484070265,-0.27116814968274383
51,841,-0.2528686033480132,-0.2682596937221373,-0.2528686033480132
51,841,-0.25759600804123156,-0.2788246776340049,-0.25759600804123156
51,841,-0.25211282191451595,-0.2747612222832866,-0.25211282191451595
51,841,-0.25125922753806995,-0.27051022283945825,-0.25125922753806995
51,841,-0.25800464647267995,-0.27226063437515224,-0.25800464647267995
51,841,0.07368347981973207,0.13139676869543332,0.07368347981973207
51,841,0.005144575265048282,0.0,0.005144575265048282
51,915,-0.2081463643365584,-0.18586532214911086,-0.2081463643365584
51,915,-0.20067476422687258,-0.22249893500327894,-0.20067476422687258
51,915,-0.20086474371541502,-0.19024135098834596,-0.20086474371541502
51,915,-0.20645898290262912,-0.2294380664483517,-0.20645898290262912
51,915,-0.19241350281757244,-0.2108086865327509,-0.19241350281757244
51,915,-0.25454752802797814,-0.23587708031179763,-0.25454752802797814
51,915,-0.17936828994936233,-0.19436732103676763,-0.17936828994936233
51,915,-0.20201557284687297,-0.21449705369724906,-0.20201557284687297
51,915,-0.18169779744780673,-0.21687261220997667,-0.18169779744780673
51,915,-0.18460242072486632,-0.19524252680461465,-0.18460242072486632
51,915,-0.19446715889221836,-0.19599270317705494,-0.19446715889221836
51,915,0.8874645779753507,0.9718443646193845,0.8874645779753507
51,915,0.0005137749255276616,0.0,0.0005137749255276616
51,950,-0.3020930281137262,-0.30783149736836324,-0.3020930281137262
51,950,-0.23100395949358646,-0.30783149736836324,-0.23100395949358646
51,950,-0.24913871636798618,-0.30783149736836324,-0.24913871636798618
51,950,0.052653433960048394,0.0,0.052653433960048394
51,951,-0.268316286126701,-0.279887427494962,-0.268316286126701
51,951,-0.26067592476268914,-0.2887645145688389,-0.26067592476268914
51,951,-0.2680551131656738,-0.2783870747500814,-0.2680551131656738
51,951,-0.2734920123624925,-0.28745170591706837,-0.2734920123624925
51,951,-0.2653401359000075,-0.2885144557780255,-0.2653401359000075
51,951,-0.27797410988337695,-0.29151516126778665,-0.27797410988337695
51,951,-0.27005647251321985,-0.27844958944778475,-0.27005647251321985
51,951,-0.268666960668139,-0.2862014119630012,-0.268666960668139
51,951,-0.2670158665487017,-0.28988977912749936,-0.2670158665487017
51,951,-0.2703573703812024,-0.27844958944778475,-0.2703573703812024
51,951,-0.26351731934471406,-0.2785121041454881,-0.26351731934471406
51,951,0.009888028143273426,-0.019201138071957218,0.009888028143273426
51,951,-0.001531649668769993,0.0,-0.001531649668769993
51,967,-0.29040765980359085,0.0,-0.29040765980359085
51,968,-0.30575600930396496,-0.3077689826706599,-0.30575600930396496
51,968,-0.3074217718587649,-0.30783149736836324,-0.3074217718587649
51,968,-0.2813232762258879,-0.30783149736836324,-0.2813232762258879
51,968,-0.282895384895256,-0.3077689826706599,-0.282895384895256
51,968,-0.2837322332216591,-0.30783149736836324,-0.2837322332216591
51,968,-0.28340936439220255,-0.3077689826706599,-0.28340936439220255
51,968,-0.291874242603516,-0.30720635039132965,-0.291874242603516
51,968,0.01644723284240941,0.0,0.01644723284240941
51,970,-0.2856312034406124,-0.30783149736836324,-0.2856312034406124
51,970,-0.27963817759485843,-0.30783149736836324,-0.27963817759485843
51,970,-0.22999164450562218,-0.30783149736836324,-0.22999164450562218
51,970,-0.2669071904229832,-0.30770646797295653,-0.2669071904229832
51,970,0.023562810551700286,0.0,0.023562810551700286
52,349,0.0038838800620804915,0.0,0.0038838800620804915
52,828,-0.2587745203431231,0.0,-0.2587745203431231
52,968,-0.28403785217051897,-0.30783149736836324,-0.28403785217051897
52,968,-0.29544090708729637,-0.3077689826706599,-0.29544090708729637
52,968,-0.2728356731956512,-0.3077689826706599,-0.2728356731956512
52,968,-0.2900429451299374,-0.30783149736836324,-0.2900429451299374
52,968,-0.29545181233840734,-0.30770646797295653,-0.29545181233840734
52,968,-0.29662102667383927,-0.30783149736836324,-0.29662102667383927
52,968,-0.3048844032619683,-0.3075189238798464,-0.3048844032619683
52,968,0.011737277644850453,0.0,0.011737277644850453
53,349,-0.2897651749843019,-0.30770646797295653,-0.2897651749843019
53,349,-0.30565678460401674,-0.30783149736836324,-0.30565678460401674
53,349,-0.2751647534259911,-0.30783149736836324,-0.2751647534259911
53,349,-0.2884195379953728,-0.3077689826706599,-0.2884195379953728
53,349,-0.2829294838859097,-0.30783149736836324,-0.2829294838859097
53,349,-0.2859212568800752,-0.30770646797295653,-0.2859212568800752
53,349,-0.2955578293027196,-0.3076439532752532,-0.2955578293027196
53,349,0.013473308217351574,0.0,0.013473308217351574
53,352,-0.2849887186213234,-0.30783149736836324,-0.2849887186213234
53,352,-0.2356065450991894,-0.30783149736836324,-0.2356065450991894
53,352,0.06677856450559036,0.0,0.06677856450559036
54,966,-0.30742609157245815,-0.3077689826706599,-0.30742609157245815
54,966,-0.3068068862099862,-0.30783149736836324,-0.3068068862099862
54,966,-0.2973236600514708,-0.30770646797295653,-0.2973236600514708
54,966,-0.30568471716323026,-0.3077689826706599,-0.30568471716323026
54,966,-0.3035081147933593,-0.3077689826706599,-0.3035081147933593
54,966,-0.3061391726901001,-0.30783149736836324,-0.3061391726901001
54,966,-0.29611698840207396,-0.3077689826706599,-0.29611698840207396
54,966,-0.29407987502937516,-0.30783149736836324,-0.29407987502937516
54,966,-0.28372843478912035,-0.30695629160051624,-0.28372843478912035
54,966,0.012417776165136509,0.0,0.012417776165136509
54,971,-0.3051269664310765,-0.30783149736836324,-0.3051269664310765
54,971,-0.28039829385657106,-0.30783149736836324,-0.28039829385657106
54,971,-0.23424565833391617,-0.3075814385775498,-0.23424565833391617
54,971,0.01749124046303112,0.0,0.01749124046303112
55,288,-0.2937983970995492,-0.3077689826706599,-0.2937983970995492
55,288,-0.24274341490842247,-0.30770646797295653,-0.24274341490842247
55,288,-0.2897725729739463,-0.30783149736836324,-0.2897725729739463
55,288,-0.29821272614924116,-0.3077689826706599,-0.29821272614924116
55,288,-0.2924756354375164,-0.3075189238798464,-0.2924756354375164
55,288,0.0127473066006317,0.0,0.0127473066006317
56,828,-0.27901764878414204,0.0,-0.27901764878414204
